date_key,date,year,month,quarter,day_of_week,week_of_year,year_month
20190101,2019-01-01,2019,1,1,1,1,2019-01
20190102,2019-01-02,2019,1,1,2,1,2019-01
20190103,2019-01-03,2019,1,1,3,1,2019-01
20190104,2019-01-04,2019,1,1,4,1,2019-01
20190105,2019-01-05,2019,1,1,5,1,2019-01
20190106,2019-01-06,2019,1,1,6,1,2019-01
20190107,2019-01-07,2019,1,1,0,2,2019-01
20190108,2019-01-08,2019,1,1,1,2,2019-01
20190109,2019-01-09,2019,1,1,2,2,2019-01
20190110,2019-01-10,2019,1,1,3,2,2019-01
20190111,2019-01-11,2019,1,1,4,2,2019-01
20190112,2019-01-12,2019,1,1,5,2,2019-01
20190113,2019-01-13,2019,1,1,6,2,2019-01
20190114,2019-01-14,2019,1,1,0,3,2019-01
20190115,2019-01-15,2019,1,1,1,3,2019-01
20190116,2019-01-16,2019,1,1,2,3,2019-01
20190117,2019-01-17,2019,1,1,3,3,2019-01
20190118,2019-01-18,2019,1,1,4,3,2019-01
20190119,2019-01-19,2019,1,1,5,3,2019-01
20190120,2019-01-20,2019,1,1,6,3,2019-01
20190121,2019-01-21,2019,1,1,0,4,2019-01
20190122,2019-01-22,2019,1,1,1,4,2019-01
20190123,2019-01-23,2019,1,1,2,4,2019-01
20190124,2019-01-24,2019,1,1,3,4,2019-01
20190125,2019-01-25,2019,1,1,4,4,2019-01
20190126,2019-01-26,2019,1,1,5,4,2019-01
20190127,2019-01-27,2019,1,1,6,4,2019-01
20190128,2019-01-28,2019,1,1,0,5,2019-01
20190129,2019-01-29,2019,1,1,1,5,2019-01
20190130,2019-01-30,2019,1,1,2,5,2019-01
20190131,2019-01-31,2019,1,1,3,5,2019-01
20190201,2019-02-01,2019,2,1,4,5,2019-02
20190202,2019-02-02,2019,2,1,5,5,2019-02
20190203,2019-02-03,2019,2,1,6,5,2019-02
20190204,2019-02-04,2019,2,1,0,6,2019-02
20190205,2019-02-05,2019,2,1,1,6,2019-02
20190206,2019-02-06,2019,2,1,2,6,2019-02
20190207,2019-02-07,2019,2,1,3,6,2019-02
20190208,2019-02-08,2019,2,1,4,6,2019-02
20190209,2019-02-09,2019,2,1,5,6,2019-02
20190210,2019-02-10,2019,2,1,6,6,2019-02
20190211,2019-02-11,2019,2,1,0,7,2019-02
20190212,2019-02-12,2019,2,1,1,7,2019-02
20190213,2019-02-13,2019,2,1,2,7,2019-02
20190214,2019-02-14,2019,2,1,3,7,2019-02
20190215,2019-02-15,2019,2,1,4,7,2019-02
20190216,2019-02-16,2019,2,1,5,7,2019-02
20190217,2019-02-17,2019,2,1,6,7,2019-02
20190218,2019-02-18,2019,2,1,0,8,2019-02
20190219,2019-02-19,2019,2,1,1,8,2019-02
20190220,2019-02-20,2019,2,1,2,8,2019-02
20190221,2019-02-21,2019,2,1,3,8,2019-02
20190222,2019-02-22,2019,2,1,4,8,2019-02
20190223,2019-02-23,2019,2,1,5,8,2019-02
20190224,2019-02-24,2019,2,1,6,8,2019-02
20190225,2019-02-25,2019,2,1,0,9,2019-02
20190226,2019-02-26,2019,2,1,1,9,2019-02
20190227,2019-02-27,2019,2,1,2,9,2019-02
20190228,2019-02-28,2019,2,1,3,9,2019-02
20190301,2019-03-01,2019,3,1,4,9,2019-03
20190302,2019-03-02,2019,3,1,5,9,2019-03
20190303,2019-03-03,2019,3,1,6,9,2019-03
20190304,2019-03-04,2019,3,1,0,10,2019-03
20190305,2019-03-05,2019,3,1,1,10,2019-03
20190306,2019-03-06,2019,3,1,2,10,2019-03
20190307,2019-03-07,2019,3,1,3,10,2019-03
20190308,2019-03-08,2019,3,1,4,10,2019-03
20190309,2019-03-09,2019,3,1,5,10,2019-03
20190310,2019-03-10,2019,3,1,6,10,2019-03
20190311,2019-03-11,2019,3,1,0,11,2019-03
20190312,2019-03-12,2019,3,1,1,11,2019-03
20190313,2019-03-13,2019,3,1,2,11,2019-03
20190314,2019-03-14,2019,3,1,3,11,2019-03
20190315,2019-03-15,2019,3,1,4,11,2019-03
20190316,2019-03-16,2019,3,1,5,11,2019-03
20190317,2019-03-17,2019,3,1,6,11,2019-03
20190318,2019-03-18,2019,3,1,0,12,2019-03
20190319,2019-03-19,2019,3,1,1,12,2019-03
20190320,2019-03-20,2019,3,1,2,12,2019-03
20190321,2019-03-21,2019,3,1,3,12,2019-03
20190322,2019-03-22,2019,3,1,4,12,2019-03
20190323,2019-03-23,2019,3,1,5,12,2019-03
20190324,2019-03-24,2019,3,1,6,12,2019-03
20190325,2019-03-25,2019,3,1,0,13,2019-03
20190326,2019-03-26,2019,3,1,1,13,2019-03
20190327,2019-03-27,2019,3,1,2,13,2019-03
20190328,2019-03-28,2019,3,1,3,13,2019-03
20190329,2019-03-29,2019,3,1,4,13,2019-03
20190330,2019-03-30,2019,3,1,5,13,2019-03
20190331,2019-03-31,2019,3,1,6,13,2019-03
20190401,2019-04-01,2019,4,2,0,14,2019-04
20190402,2019-04-02,2019,4,2,1,14,2019-04
20190403,2019-04-03,2019,4,2,2,14,2019-04
20190404,2019-04-04,2019,4,2,3,14,2019-04
20190405,2019-04-05,2019,4,2,4,14,2019-04
20190406,2019-04-06,2019,4,2,5,14,2019-04
20190407,2019-04-07,2019,4,2,6,14,2019-04
20190408,2019-04-08,2019,4,2,0,15,2019-04
20190409,2019-04-09,2019,4,2,1,15,2019-04
20190410,2019-04-10,2019,4,2,2,15,2019-04
20190411,2019-04-11,2019,4,2,3,15,2019-04
20190412,2019-04-12,2019,4,2,4,15,2019-04
20190413,2019-04-13,2019,4,2,5,15,2019-04
20190414,2019-04-14,2019,4,2,6,15,2019-04
20190415,2019-04-15,2019,4,2,0,16,2019-04
20190416,2019-04-16,2019,4,2,1,16,2019-04
20190417,2019-04-17,2019,4,2,2,16,2019-04
20190418,2019-04-18,2019,4,2,3,16,2019-04
20190419,2019-04-19,2019,4,2,4,16,2019-04
20190420,2019-04-20,2019,4,2,5,16,2019-04
20190421,2019-04-21,2019,4,2,6,16,2019-04
20190422,2019-04-22,2019,4,2,0,17,2019-04
20190423,2019-04-23,2019,4,2,1,17,2019-04
20190424,2019-04-24,2019,4,2,2,17,2019-04
20190425,2019-04-25,2019,4,2,3,17,2019-04
20190426,2019-04-26,2019,4,2,4,17,2019-04
20190427,2019-04-27,2019,4,2,5,17,2019-04
20190428,2019-04-28,2019,4,2,6,17,2019-04
20190429,2019-04-29,2019,4,2,0,18,2019-04
20190430,2019-04-30,2019,4,2,1,18,2019-04
20190501,2019-05-01,2019,5,2,2,18,2019-05
20190502,2019-05-02,2019,5,2,3,18,2019-05
20190503,2019-05-03,2019,5,2,4,18,2019-05
20190504,2019-05-04,2019,5,2,5,18,2019-05
20190505,2019-05-05,2019,5,2,6,18,2019-05
20190506,2019-05-06,2019,5,2,0,19,2019-05
20190507,2019-05-07,2019,5,2,1,19,2019-05
20190508,2019-05-08,2019,5,2,2,19,2019-05
20190509,2019-05-09,2019,5,2,3,19,2019-05
20190510,2019-05-10,2019,5,2,4,19,2019-05
20190511,2019-05-11,2019,5,2,5,19,2019-05
20190512,2019-05-12,2019,5,2,6,19,2019-05
20190513,2019-05-13,2019,5,2,0,20,2019-05
20190514,2019-05-14,2019,5,2,1,20,2019-05
20190515,2019-05-15,2019,5,2,2,20,2019-05
20190516,2019-05-16,2019,5,2,3,20,2019-05
20190517,2019-05-17,2019,5,2,4,20,2019-05
20190518,2019-05-18,2019,5,2,5,20,2019-05
20190519,2019-05-19,2019,5,2,6,20,2019-05
20190520,2019-05-20,2019,5,2,0,21,2019-05
20190521,2019-05-21,2019,5,2,1,21,2019-05
20190522,2019-05-22,2019,5,2,2,21,2019-05
20190523,2019-05-23,2019,5,2,3,21,2019-05
20190524,2019-05-24,2019,5,2,4,21,2019-05
20190525,2019-05-25,2019,5,2,5,21,2019-05
20190526,2019-05-26,2019,5,2,6,21,2019-05
20190527,2019-05-27,2019,5,2,0,22,2019-05
20190528,2019-05-28,2019,5,2,1,22,2019-05
20190529,2019-05-29,2019,5,2,2,22,2019-05
20190530,2019-05-30,2019,5,2,3,22,2019-05
20190531,2019-05-31,2019,5,2,4,22,2019-05
20190601,2019-06-01,2019,6,2,5,22,2019-06
20190602,2019-06-02,2019,6,2,6,22,2019-06
20190603,2019-06-03,2019,6,2,0,23,2019-06
20190604,2019-06-04,2019,6,2,1,23,2019-06
20190605,2019-06-05,2019,6,2,2,23,2019-06
20190606,2019-06-06,2019,6,2,3,23,2019-06
20190607,2019-06-07,2019,6,2,4,23,2019-06
20190608,2019-06-08,2019,6,2,5,23,2019-06
20190609,2019-06-09,2019,6,2,6,23,2019-06
20190610,2019-06-10,2019,6,2,0,24,2019-06
20190611,2019-06-11,2019,6,2,1,24,2019-06
20190612,2019-06-12,2019,6,2,2,24,2019-06
20190613,2019-06-13,2019,6,2,3,24,2019-06
20190614,2019-06-14,2019,6,2,4,24,2019-06
20190615,2019-06-15,2019,6,2,5,24,2019-06
20190616,2019-06-16,2019,6,2,6,24,2019-06
20190617,2019-06-17,2019,6,2,0,25,2019-06
20190618,2019-06-18,2019,6,2,1,25,2019-06
20190619,2019-06-19,2019,6,2,2,25,2019-06
20190620,2019-06-20,2019,6,2,3,25,2019-06
20190621,2019-06-21,2019,6,2,4,25,2019-06
20190622,2019-06-22,2019,6,2,5,25,2019-06
20190623,2019-06-23,2019,6,2,6,25,2019-06
20190624,2019-06-24,2019,6,2,0,26,2019-06
20190625,2019-06-25,2019,6,2,1,26,2019-06
20190626,2019-06-26,2019,6,2,2,26,2019-06
20190627,2019-06-27,2019,6,2,3,26,2019-06
20190628,2019-06-28,2019,6,2,4,26,2019-06
20190629,2019-06-29,2019,6,2,5,26,2019-06
20190630,2019-06-30,2019,6,2,6,26,2019-06
20190701,2019-07-01,2019,7,3,0,27,2019-07
20190702,2019-07-02,2019,7,3,1,27,2019-07
20190703,2019-07-03,2019,7,3,2,27,2019-07
20190704,2019-07-04,2019,7,3,3,27,2019-07
20190705,2019-07-05,2019,7,3,4,27,2019-07
20190706,2019-07-06,2019,7,3,5,27,2019-07
20190707,2019-07-07,2019,7,3,6,27,2019-07
20190708,2019-07-08,2019,7,3,0,28,2019-07
20190709,2019-07-09,2019,7,3,1,28,2019-07
20190710,2019-07-10,2019,7,3,2,28,2019-07
20190711,2019-07-11,2019,7,3,3,28,2019-07
20190712,2019-07-12,2019,7,3,4,28,2019-07
20190713,2019-07-13,2019,7,3,5,28,2019-07
20190714,2019-07-14,2019,7,3,6,28,2019-07
20190715,2019-07-15,2019,7,3,0,29,2019-07
20190716,2019-07-16,2019,7,3,1,29,2019-07
20190717,2019-07-17,2019,7,3,2,29,2019-07
20190718,2019-07-18,2019,7,3,3,29,2019-07
20190719,2019-07-19,2019,7,3,4,29,2019-07
20190720,2019-07-20,2019,7,3,5,29,2019-07
20190721,2019-07-21,2019,7,3,6,29,2019-07
20190722,2019-07-22,2019,7,3,0,30,2019-07
20190723,2019-07-23,2019,7,3,1,30,2019-07
20190724,2019-07-24,2019,7,3,2,30,2019-07
20190725,2019-07-25,2019,7,3,3,30,2019-07
20190726,2019-07-26,2019,7,3,4,30,2019-07
20190727,2019-07-27,2019,7,3,5,30,2019-07
20190728,2019-07-28,2019,7,3,6,30,2019-07
20190729,2019-07-29,2019,7,3,0,31,2019-07
20190730,2019-07-30,2019,7,3,1,31,2019-07
20190731,2019-07-31,2019,7,3,2,31,2019-07
20190801,2019-08-01,2019,8,3,3,31,2019-08
20190802,2019-08-02,2019,8,3,4,31,2019-08
20190803,2019-08-03,2019,8,3,5,31,2019-08
20190804,2019-08-04,2019,8,3,6,31,2019-08
20190805,2019-08-05,2019,8,3,0,32,2019-08
20190806,2019-08-06,2019,8,3,1,32,2019-08
20190807,2019-08-07,2019,8,3,2,32,2019-08
20190808,2019-08-08,2019,8,3,3,32,2019-08
20190809,2019-08-09,2019,8,3,4,32,2019-08
20190810,2019-08-10,2019,8,3,5,32,2019-08
20190811,2019-08-11,2019,8,3,6,32,2019-08
20190812,2019-08-12,2019,8,3,0,33,2019-08
20190813,2019-08-13,2019,8,3,1,33,2019-08
20190814,2019-08-14,2019,8,3,2,33,2019-08
20190815,2019-08-15,2019,8,3,3,33,2019-08
20190816,2019-08-16,2019,8,3,4,33,2019-08
20190817,2019-08-17,2019,8,3,5,33,2019-08
20190818,2019-08-18,2019,8,3,6,33,2019-08
20190819,2019-08-19,2019,8,3,0,34,2019-08
20190820,2019-08-20,2019,8,3,1,34,2019-08
20190821,2019-08-21,2019,8,3,2,34,2019-08
20190822,2019-08-22,2019,8,3,3,34,2019-08
20190823,2019-08-23,2019,8,3,4,34,2019-08
20190824,2019-08-24,2019,8,3,5,34,2019-08
20190825,2019-08-25,2019,8,3,6,34,2019-08
20190826,2019-08-26,2019,8,3,0,35,2019-08
20190827,2019-08-27,2019,8,3,1,35,2019-08
20190828,2019-08-28,2019,8,3,2,35,2019-08
20190829,2019-08-29,2019,8,3,3,35,2019-08
20190830,2019-08-30,2019,8,3,4,35,2019-08
20190831,2019-08-31,2019,8,3,5,35,2019-08
20190901,2019-09-01,2019,9,3,6,35,2019-09
20190902,2019-09-02,2019,9,3,0,36,2019-09
20190903,2019-09-03,2019,9,3,1,36,2019-09
20190904,2019-09-04,2019,9,3,2,36,2019-09
20190905,2019-09-05,2019,9,3,3,36,2019-09
20190906,2019-09-06,2019,9,3,4,36,2019-09
20190907,2019-09-07,2019,9,3,5,36,2019-09
20190908,2019-09-08,2019,9,3,6,36,2019-09
20190909,2019-09-09,2019,9,3,0,37,2019-09
20190910,2019-09-10,2019,9,3,1,37,2019-09
20190911,2019-09-11,2019,9,3,2,37,2019-09
20190912,2019-09-12,2019,9,3,3,37,2019-09
20190913,2019-09-13,2019,9,3,4,37,2019-09
20190914,2019-09-14,2019,9,3,5,37,2019-09
20190915,2019-09-15,2019,9,3,6,37,2019-09
20190916,2019-09-16,2019,9,3,0,38,2019-09
20190917,2019-09-17,2019,9,3,1,38,2019-09
20190918,2019-09-18,2019,9,3,2,38,2019-09
20190919,2019-09-19,2019,9,3,3,38,2019-09
20190920,2019-09-20,2019,9,3,4,38,2019-09
20190921,2019-09-21,2019,9,3,5,38,2019-09
20190922,2019-09-22,2019,9,3,6,38,2019-09
20190923,2019-09-23,2019,9,3,0,39,2019-09
20190924,2019-09-24,2019,9,3,1,39,2019-09
20190925,2019-09-25,2019,9,3,2,39,2019-09
20190926,2019-09-26,2019,9,3,3,39,2019-09
20190927,2019-09-27,2019,9,3,4,39,2019-09
20190928,2019-09-28,2019,9,3,5,39,2019-09
20190929,2019-09-29,2019,9,3,6,39,2019-09
20190930,2019-09-30,2019,9,3,0,40,2019-09
20191001,2019-10-01,2019,10,4,1,40,2019-10
20191002,2019-10-02,2019,10,4,2,40,2019-10
20191003,2019-10-03,2019,10,4,3,40,2019-10
20191004,2019-10-04,2019,10,4,4,40,2019-10
20191005,2019-10-05,2019,10,4,5,40,2019-10
20191006,2019-10-06,2019,10,4,6,40,2019-10
20191007,2019-10-07,2019,10,4,0,41,2019-10
20191008,2019-10-08,2019,10,4,1,41,2019-10
20191009,2019-10-09,2019,10,4,2,41,2019-10
20191010,2019-10-10,2019,10,4,3,41,2019-10
20191011,2019-10-11,2019,10,4,4,41,2019-10
20191012,2019-10-12,2019,10,4,5,41,2019-10
20191013,2019-10-13,2019,10,4,6,41,2019-10
20191014,2019-10-14,2019,10,4,0,42,2019-10
20191015,2019-10-15,2019,10,4,1,42,2019-10
20191016,2019-10-16,2019,10,4,2,42,2019-10
20191017,2019-10-17,2019,10,4,3,42,2019-10
20191018,2019-10-18,2019,10,4,4,42,2019-10
20191019,2019-10-19,2019,10,4,5,42,2019-10
20191020,2019-10-20,2019,10,4,6,42,2019-10
20191021,2019-10-21,2019,10,4,0,43,2019-10
20191022,2019-10-22,2019,10,4,1,43,2019-10
20191023,2019-10-23,2019,10,4,2,43,2019-10
20191024,2019-10-24,2019,10,4,3,43,2019-10
20191025,2019-10-25,2019,10,4,4,43,2019-10
20191026,2019-10-26,2019,10,4,5,43,2019-10
20191027,2019-10-27,2019,10,4,6,43,2019-10
20191028,2019-10-28,2019,10,4,0,44,2019-10
20191029,2019-10-29,2019,10,4,1,44,2019-10
20191030,2019-10-30,2019,10,4,2,44,2019-10
20191031,2019-10-31,2019,10,4,3,44,2019-10
20191101,2019-11-01,2019,11,4,4,44,2019-11
20191102,2019-11-02,2019,11,4,5,44,2019-11
20191103,2019-11-03,2019,11,4,6,44,2019-11
20191104,2019-11-04,2019,11,4,0,45,2019-11
20191105,2019-11-05,2019,11,4,1,45,2019-11
20191106,2019-11-06,2019,11,4,2,45,2019-11
20191107,2019-11-07,2019,11,4,3,45,2019-11
20191108,2019-11-08,2019,11,4,4,45,2019-11
20191109,2019-11-09,2019,11,4,5,45,2019-11
20191110,2019-11-10,2019,11,4,6,45,2019-11
20191111,2019-11-11,2019,11,4,0,46,2019-11
20191112,2019-11-12,2019,11,4,1,46,2019-11
20191113,2019-11-13,2019,11,4,2,46,2019-11
20191114,2019-11-14,2019,11,4,3,46,2019-11
20191115,2019-11-15,2019,11,4,4,46,2019-11
20191116,2019-11-16,2019,11,4,5,46,2019-11
20191117,2019-11-17,2019,11,4,6,46,2019-11
20191118,2019-11-18,2019,11,4,0,47,2019-11
20191119,2019-11-19,2019,11,4,1,47,2019-11
20191120,2019-11-20,2019,11,4,2,47,2019-11
20191121,2019-11-21,2019,11,4,3,47,2019-11
20191122,2019-11-22,2019,11,4,4,47,2019-11
20191123,2019-11-23,2019,11,4,5,47,2019-11
20191124,2019-11-24,2019,11,4,6,47,2019-11
20191125,2019-11-25,2019,11,4,0,48,2019-11
20191126,2019-11-26,2019,11,4,1,48,2019-11
20191127,2019-11-27,2019,11,4,2,48,2019-11
20191128,2019-11-28,2019,11,4,3,48,2019-11
20191129,2019-11-29,2019,11,4,4,48,2019-11
20191130,2019-11-30,2019,11,4,5,48,2019-11
20191201,2019-12-01,2019,12,4,6,48,2019-12
20191202,2019-12-02,2019,12,4,0,49,2019-12
20191203,2019-12-03,2019,12,4,1,49,2019-12
20191204,2019-12-04,2019,12,4,2,49,2019-12
20191205,2019-12-05,2019,12,4,3,49,2019-12
20191206,2019-12-06,2019,12,4,4,49,2019-12
20191207,2019-12-07,2019,12,4,5,49,2019-12
20191208,2019-12-08,2019,12,4,6,49,2019-12
20191209,2019-12-09,2019,12,4,0,50,2019-12
20191210,2019-12-10,2019,12,4,1,50,2019-12
20191211,2019-12-11,2019,12,4,2,50,2019-12
20191212,2019-12-12,2019,12,4,3,50,2019-12
20191213,2019-12-13,2019,12,4,4,50,2019-12
20191214,2019-12-14,2019,12,4,5,50,2019-12
20191215,2019-12-15,2019,12,4,6,50,2019-12
20191216,2019-12-16,2019,12,4,0,51,2019-12
20191217,2019-12-17,2019,12,4,1,51,2019-12
20191218,2019-12-18,2019,12,4,2,51,2019-12
20191219,2019-12-19,2019,12,4,3,51,2019-12
20191220,2019-12-20,2019,12,4,4,51,2019-12
20191221,2019-12-21,2019,12,4,5,51,2019-12
20191222,2019-12-22,2019,12,4,6,51,2019-12
20191223,2019-12-23,2019,12,4,0,52,2019-12
20191224,2019-12-24,2019,12,4,1,52,2019-12
20191225,2019-12-25,2019,12,4,2,52,2019-12
20191226,2019-12-26,2019,12,4,3,52,2019-12
20191227,2019-12-27,2019,12,4,4,52,2019-12
20191228,2019-12-28,2019,12,4,5,52,2019-12
20191229,2019-12-29,2019,12,4,6,52,2019-12
20191230,2019-12-30,2019,12,4,0,1,2019-12
20191231,2019-12-31,2019,12,4,1,1,2019-12
20200101,2020-01-01,2020,1,1,2,1,2020-01
20200102,2020-01-02,2020,1,1,3,1,2020-01
20200103,2020-01-03,2020,1,1,4,1,2020-01
20200104,2020-01-04,2020,1,1,5,1,2020-01
20200105,2020-01-05,2020,1,1,6,1,2020-01
20200106,2020-01-06,2020,1,1,0,2,2020-01
20200107,2020-01-07,2020,1,1,1,2,2020-01
20200108,2020-01-08,2020,1,1,2,2,2020-01
20200109,2020-01-09,2020,1,1,3,2,2020-01
20200110,2020-01-10,2020,1,1,4,2,2020-01
20200111,2020-01-11,2020,1,1,5,2,2020-01
20200112,2020-01-12,2020,1,1,6,2,2020-01
20200113,2020-01-13,2020,1,1,0,3,2020-01
20200114,2020-01-14,2020,1,1,1,3,2020-01
20200115,2020-01-15,2020,1,1,2,3,2020-01
20200116,2020-01-16,2020,1,1,3,3,2020-01
20200117,2020-01-17,2020,1,1,4,3,2020-01
20200118,2020-01-18,2020,1,1,5,3,2020-01
20200119,2020-01-19,2020,1,1,6,3,2020-01
20200120,2020-01-20,2020,1,1,0,4,2020-01
20200121,2020-01-21,2020,1,1,1,4,2020-01
20200122,2020-01-22,2020,1,1,2,4,2020-01
20200123,2020-01-23,2020,1,1,3,4,2020-01
20200124,2020-01-24,2020,1,1,4,4,2020-01
20200125,2020-01-25,2020,1,1,5,4,2020-01
20200126,2020-01-26,2020,1,1,6,4,2020-01
20200127,2020-01-27,2020,1,1,0,5,2020-01
20200128,2020-01-28,2020,1,1,1,5,2020-01
20200129,2020-01-29,2020,1,1,2,5,2020-01
20200130,2020-01-30,2020,1,1,3,5,2020-01
20200131,2020-01-31,2020,1,1,4,5,2020-01
20200201,2020-02-01,2020,2,1,5,5,2020-02
20200202,2020-02-02,2020,2,1,6,5,2020-02
20200203,2020-02-03,2020,2,1,0,6,2020-02
20200204,2020-02-04,2020,2,1,1,6,2020-02
20200205,2020-02-05,2020,2,1,2,6,2020-02
20200206,2020-02-06,2020,2,1,3,6,2020-02
20200207,2020-02-07,2020,2,1,4,6,2020-02
20200208,2020-02-08,2020,2,1,5,6,2020-02
20200209,2020-02-09,2020,2,1,6,6,2020-02
20200210,2020-02-10,2020,2,1,0,7,2020-02
20200211,2020-02-11,2020,2,1,1,7,2020-02
20200212,2020-02-12,2020,2,1,2,7,2020-02
20200213,2020-02-13,2020,2,1,3,7,2020-02
20200214,2020-02-14,2020,2,1,4,7,2020-02
20200215,2020-02-15,2020,2,1,5,7,2020-02
20200216,2020-02-16,2020,2,1,6,7,2020-02
20200217,2020-02-17,2020,2,1,0,8,2020-02
20200218,2020-02-18,2020,2,1,1,8,2020-02
20200219,2020-02-19,2020,2,1,2,8,2020-02
20200220,2020-02-20,2020,2,1,3,8,2020-02
20200221,2020-02-21,2020,2,1,4,8,2020-02
20200222,2020-02-22,2020,2,1,5,8,2020-02
20200223,2020-02-23,2020,2,1,6,8,2020-02
20200224,2020-02-24,2020,2,1,0,9,2020-02
20200225,2020-02-25,2020,2,1,1,9,2020-02
20200226,2020-02-26,2020,2,1,2,9,2020-02
20200227,2020-02-27,2020,2,1,3,9,2020-02
20200228,2020-02-28,2020,2,1,4,9,2020-02
20200229,2020-02-29,2020,2,1,5,9,2020-02
20200301,2020-03-01,2020,3,1,6,9,2020-03
20200302,2020-03-02,2020,3,1,0,10,2020-03
20200303,2020-03-03,2020,3,1,1,10,2020-03
20200304,2020-03-04,2020,3,1,2,10,2020-03
20200305,2020-03-05,2020,3,1,3,10,2020-03
20200306,2020-03-06,2020,3,1,4,10,2020-03
20200307,2020-03-07,2020,3,1,5,10,2020-03
20200308,2020-03-08,2020,3,1,6,10,2020-03
20200309,2020-03-09,2020,3,1,0,11,2020-03
20200310,2020-03-10,2020,3,1,1,11,2020-03
20200311,2020-03-11,2020,3,1,2,11,2020-03
20200312,2020-03-12,2020,3,1,3,11,2020-03
20200313,2020-03-13,2020,3,1,4,11,2020-03
20200314,2020-03-14,2020,3,1,5,11,2020-03
20200315,2020-03-15,2020,3,1,6,11,2020-03
20200316,2020-03-16,2020,3,1,0,12,2020-03
20200317,2020-03-17,2020,3,1,1,12,2020-03
20200318,2020-03-18,2020,3,1,2,12,2020-03
20200319,2020-03-19,2020,3,1,3,12,2020-03
20200320,2020-03-20,2020,3,1,4,12,2020-03
20200321,2020-03-21,2020,3,1,5,12,2020-03
20200322,2020-03-22,2020,3,1,6,12,2020-03
20200323,2020-03-23,2020,3,1,0,13,2020-03
20200324,2020-03-24,2020,3,1,1,13,2020-03
20200325,2020-03-25,2020,3,1,2,13,2020-03
20200326,2020-03-26,2020,3,1,3,13,2020-03
20200327,2020-03-27,2020,3,1,4,13,2020-03
20200328,2020-03-28,2020,3,1,5,13,2020-03
20200329,2020-03-29,2020,3,1,6,13,2020-03
20200330,2020-03-30,2020,3,1,0,14,2020-03
20200331,2020-03-31,2020,3,1,1,14,2020-03
20200401,2020-04-01,2020,4,2,2,14,2020-04
20200402,2020-04-02,2020,4,2,3,14,2020-04
20200403,2020-04-03,2020,4,2,4,14,2020-04
20200404,2020-04-04,2020,4,2,5,14,2020-04
20200405,2020-04-05,2020,4,2,6,14,2020-04
20200406,2020-04-06,2020,4,2,0,15,2020-04
20200407,2020-04-07,2020,4,2,1,15,2020-04
20200408,2020-04-08,2020,4,2,2,15,2020-04
20200409,2020-04-09,2020,4,2,3,15,2020-04
20200410,2020-04-10,2020,4,2,4,15,2020-04
20200411,2020-04-11,2020,4,2,5,15,2020-04
20200412,2020-04-12,2020,4,2,6,15,2020-04
20200413,2020-04-13,2020,4,2,0,16,2020-04
20200414,2020-04-14,2020,4,2,1,16,2020-04
20200415,2020-04-15,2020,4,2,2,16,2020-04
20200416,2020-04-16,2020,4,2,3,16,2020-04
20200417,2020-04-17,2020,4,2,4,16,2020-04
20200418,2020-04-18,2020,4,2,5,16,2020-04
20200419,2020-04-19,2020,4,2,6,16,2020-04
20200420,2020-04-20,2020,4,2,0,17,2020-04
20200421,2020-04-21,2020,4,2,1,17,2020-04
20200422,2020-04-22,2020,4,2,2,17,2020-04
20200423,2020-04-23,2020,4,2,3,17,2020-04
20200424,2020-04-24,2020,4,2,4,17,2020-04
20200425,2020-04-25,2020,4,2,5,17,2020-04
20200426,2020-04-26,2020,4,2,6,17,2020-04
20200427,2020-04-27,2020,4,2,0,18,2020-04
20200428,2020-04-28,2020,4,2,1,18,2020-04
20200429,2020-04-29,2020,4,2,2,18,2020-04
20200430,2020-04-30,2020,4,2,3,18,2020-04
20200501,2020-05-01,2020,5,2,4,18,2020-05
20200502,2020-05-02,2020,5,2,5,18,2020-05
20200503,2020-05-03,2020,5,2,6,18,2020-05
20200504,2020-05-04,2020,5,2,0,19,2020-05
20200505,2020-05-05,2020,5,2,1,19,2020-05
20200506,2020-05-06,2020,5,2,2,19,2020-05
20200507,2020-05-07,2020,5,2,3,19,2020-05
20200508,2020-05-08,2020,5,2,4,19,2020-05
20200509,2020-05-09,2020,5,2,5,19,2020-05
20200510,2020-05-10,2020,5,2,6,19,2020-05
20200511,2020-05-11,2020,5,2,0,20,2020-05
20200512,2020-05-12,2020,5,2,1,20,2020-05
20200513,2020-05-13,2020,5,2,2,20,2020-05
20200514,2020-05-14,2020,5,2,3,20,2020-05
20200515,2020-05-15,2020,5,2,4,20,2020-05
20200516,2020-05-16,2020,5,2,5,20,2020-05
20200517,2020-05-17,2020,5,2,6,20,2020-05
20200518,2020-05-18,2020,5,2,0,21,2020-05
20200519,2020-05-19,2020,5,2,1,21,2020-05
20200520,2020-05-20,2020,5,2,2,21,2020-05
20200521,2020-05-21,2020,5,2,3,21,2020-05
20200522,2020-05-22,2020,5,2,4,21,2020-05
20200523,2020-05-23,2020,5,2,5,21,2020-05
20200524,2020-05-24,2020,5,2,6,21,2020-05
20200525,2020-05-25,2020,5,2,0,22,2020-05
20200526,2020-05-26,2020,5,2,1,22,2020-05
20200527,2020-05-27,2020,5,2,2,22,2020-05
20200528,2020-05-28,2020,5,2,3,22,2020-05
20200529,2020-05-29,2020,5,2,4,22,2020-05
20200530,2020-05-30,2020,5,2,5,22,2020-05
20200531,2020-05-31,2020,5,2,6,22,2020-05
20200601,2020-06-01,2020,6,2,0,23,2020-06
20200602,2020-06-02,2020,6,2,1,23,2020-06
20200603,2020-06-03,2020,6,2,2,23,2020-06
20200604,2020-06-04,2020,6,2,3,23,2020-06
20200605,2020-06-05,2020,6,2,4,23,2020-06
20200606,2020-06-06,2020,6,2,5,23,2020-06
20200607,2020-06-07,2020,6,2,6,23,2020-06
20200608,2020-06-08,2020,6,2,0,24,2020-06
20200609,2020-06-09,2020,6,2,1,24,2020-06
20200610,2020-06-10,2020,6,2,2,24,2020-06
20200611,2020-06-11,2020,6,2,3,24,2020-06
20200612,2020-06-12,2020,6,2,4,24,2020-06
20200613,2020-06-13,2020,6,2,5,24,2020-06
20200614,2020-06-14,2020,6,2,6,24,2020-06
20200615,2020-06-15,2020,6,2,0,25,2020-06
20200616,2020-06-16,2020,6,2,1,25,2020-06
20200617,2020-06-17,2020,6,2,2,25,2020-06
20200618,2020-06-18,2020,6,2,3,25,2020-06
20200619,2020-06-19,2020,6,2,4,25,2020-06
20200620,2020-06-20,2020,6,2,5,25,2020-06
20200621,2020-06-21,2020,6,2,6,25,2020-06
20200622,2020-06-22,2020,6,2,0,26,2020-06
20200623,2020-06-23,2020,6,2,1,26,2020-06
20200624,2020-06-24,2020,6,2,2,26,2020-06
20200625,2020-06-25,2020,6,2,3,26,2020-06
20200626,2020-06-26,2020,6,2,4,26,2020-06
20200627,2020-06-27,2020,6,2,5,26,2020-06
20200628,2020-06-28,2020,6,2,6,26,2020-06
20200629,2020-06-29,2020,6,2,0,27,2020-06
20200630,2020-06-30,2020,6,2,1,27,2020-06
20200701,2020-07-01,2020,7,3,2,27,2020-07
20200702,2020-07-02,2020,7,3,3,27,2020-07
20200703,2020-07-03,2020,7,3,4,27,2020-07
20200704,2020-07-04,2020,7,3,5,27,2020-07
20200705,2020-07-05,2020,7,3,6,27,2020-07
20200706,2020-07-06,2020,7,3,0,28,2020-07
20200707,2020-07-07,2020,7,3,1,28,2020-07
20200708,2020-07-08,2020,7,3,2,28,2020-07
20200709,2020-07-09,2020,7,3,3,28,2020-07
20200710,2020-07-10,2020,7,3,4,28,2020-07
20200711,2020-07-11,2020,7,3,5,28,2020-07
20200712,2020-07-12,2020,7,3,6,28,2020-07
20200713,2020-07-13,2020,7,3,0,29,2020-07
20200714,2020-07-14,2020,7,3,1,29,2020-07
20200715,2020-07-15,2020,7,3,2,29,2020-07
20200716,2020-07-16,2020,7,3,3,29,2020-07
20200717,2020-07-17,2020,7,3,4,29,2020-07
20200718,2020-07-18,2020,7,3,5,29,2020-07
20200719,2020-07-19,2020,7,3,6,29,2020-07
20200720,2020-07-20,2020,7,3,0,30,2020-07
20200721,2020-07-21,2020,7,3,1,30,2020-07
20200722,2020-07-22,2020,7,3,2,30,2020-07
20200723,2020-07-23,2020,7,3,3,30,2020-07
20200724,2020-07-24,2020,7,3,4,30,2020-07
20200725,2020-07-25,2020,7,3,5,30,2020-07
20200726,2020-07-26,2020,7,3,6,30,2020-07
20200727,2020-07-27,2020,7,3,0,31,2020-07
20200728,2020-07-28,2020,7,3,1,31,2020-07
20200729,2020-07-29,2020,7,3,2,31,2020-07
20200730,2020-07-30,2020,7,3,3,31,2020-07
20200731,2020-07-31,2020,7,3,4,31,2020-07
20200801,2020-08-01,2020,8,3,5,31,2020-08
20200802,2020-08-02,2020,8,3,6,31,2020-08
20200803,2020-08-03,2020,8,3,0,32,2020-08
20200804,2020-08-04,2020,8,3,1,32,2020-08
20200805,2020-08-05,2020,8,3,2,32,2020-08
20200806,2020-08-06,2020,8,3,3,32,2020-08
20200807,2020-08-07,2020,8,3,4,32,2020-08
20200808,2020-08-08,2020,8,3,5,32,2020-08
20200809,2020-08-09,2020,8,3,6,32,2020-08
20200810,2020-08-10,2020,8,3,0,33,2020-08
20200811,2020-08-11,2020,8,3,1,33,2020-08
20200812,2020-08-12,2020,8,3,2,33,2020-08
20200813,2020-08-13,2020,8,3,3,33,2020-08
20200814,2020-08-14,2020,8,3,4,33,2020-08
20200815,2020-08-15,2020,8,3,5,33,2020-08
20200816,2020-08-16,2020,8,3,6,33,2020-08
20200817,2020-08-17,2020,8,3,0,34,2020-08
20200818,2020-08-18,2020,8,3,1,34,2020-08
20200819,2020-08-19,2020,8,3,2,34,2020-08
20200820,2020-08-20,2020,8,3,3,34,2020-08
20200821,2020-08-21,2020,8,3,4,34,2020-08
20200822,2020-08-22,2020,8,3,5,34,2020-08
20200823,2020-08-23,2020,8,3,6,34,2020-08
20200824,2020-08-24,2020,8,3,0,35,2020-08
20200825,2020-08-25,2020,8,3,1,35,2020-08
20200826,2020-08-26,2020,8,3,2,35,2020-08
20200827,2020-08-27,2020,8,3,3,35,2020-08
20200828,2020-08-28,2020,8,3,4,35,2020-08
20200829,2020-08-29,2020,8,3,5,35,2020-08
20200830,2020-08-30,2020,8,3,6,35,2020-08
20200831,2020-08-31,2020,8,3,0,36,2020-08
20200901,2020-09-01,2020,9,3,1,36,2020-09
20200902,2020-09-02,2020,9,3,2,36,2020-09
20200903,2020-09-03,2020,9,3,3,36,2020-09
20200904,2020-09-04,2020,9,3,4,36,2020-09
20200905,2020-09-05,2020,9,3,5,36,2020-09
20200906,2020-09-06,2020,9,3,6,36,2020-09
20200907,2020-09-07,2020,9,3,0,37,2020-09
20200908,2020-09-08,2020,9,3,1,37,2020-09
20200909,2020-09-09,2020,9,3,2,37,2020-09
20200910,2020-09-10,2020,9,3,3,37,2020-09
20200911,2020-09-11,2020,9,3,4,37,2020-09
20200912,2020-09-12,2020,9,3,5,37,2020-09
20200913,2020-09-13,2020,9,3,6,37,2020-09
20200914,2020-09-14,2020,9,3,0,38,2020-09
20200915,2020-09-15,2020,9,3,1,38,2020-09
20200916,2020-09-16,2020,9,3,2,38,2020-09
20200917,2020-09-17,2020,9,3,3,38,2020-09
20200918,2020-09-18,2020,9,3,4,38,2020-09
20200919,2020-09-19,2020,9,3,5,38,2020-09
20200920,2020-09-20,2020,9,3,6,38,2020-09
20200921,2020-09-21,2020,9,3,0,39,2020-09
20200922,2020-09-22,2020,9,3,1,39,2020-09
20200923,2020-09-23,2020,9,3,2,39,2020-09
20200924,2020-09-24,2020,9,3,3,39,2020-09
20200925,2020-09-25,2020,9,3,4,39,2020-09
20200926,2020-09-26,2020,9,3,5,39,2020-09
20200927,2020-09-27,2020,9,3,6,39,2020-09
20200928,2020-09-28,2020,9,3,0,40,2020-09
20200929,2020-09-29,2020,9,3,1,40,2020-09
20200930,2020-09-30,2020,9,3,2,40,2020-09
20201001,2020-10-01,2020,10,4,3,40,2020-10
20201002,2020-10-02,2020,10,4,4,40,2020-10
20201003,2020-10-03,2020,10,4,5,40,2020-10
20201004,2020-10-04,2020,10,4,6,40,2020-10
20201005,2020-10-05,2020,10,4,0,41,2020-10
20201006,2020-10-06,2020,10,4,1,41,2020-10
20201007,2020-10-07,2020,10,4,2,41,2020-10
20201008,2020-10-08,2020,10,4,3,41,2020-10
20201009,2020-10-09,2020,10,4,4,41,2020-10
20201010,2020-10-10,2020,10,4,5,41,2020-10
20201011,2020-10-11,2020,10,4,6,41,2020-10
20201012,2020-10-12,2020,10,4,0,42,2020-10
20201013,2020-10-13,2020,10,4,1,42,2020-10
20201014,2020-10-14,2020,10,4,2,42,2020-10
20201015,2020-10-15,2020,10,4,3,42,2020-10
20201016,2020-10-16,2020,10,4,4,42,2020-10
20201017,2020-10-17,2020,10,4,5,42,2020-10
20201018,2020-10-18,2020,10,4,6,42,2020-10
20201019,2020-10-19,2020,10,4,0,43,2020-10
20201020,2020-10-20,2020,10,4,1,43,2020-10
20201021,2020-10-21,2020,10,4,2,43,2020-10
20201022,2020-10-22,2020,10,4,3,43,2020-10
20201023,2020-10-23,2020,10,4,4,43,2020-10
20201024,2020-10-24,2020,10,4,5,43,2020-10
20201025,2020-10-25,2020,10,4,6,43,2020-10
20201026,2020-10-26,2020,10,4,0,44,2020-10
20201027,2020-10-27,2020,10,4,1,44,2020-10
20201028,2020-10-28,2020,10,4,2,44,2020-10
20201029,2020-10-29,2020,10,4,3,44,2020-10
20201030,2020-10-30,2020,10,4,4,44,2020-10
20201031,2020-10-31,2020,10,4,5,44,2020-10
20201101,2020-11-01,2020,11,4,6,44,2020-11
20201102,2020-11-02,2020,11,4,0,45,2020-11
20201103,2020-11-03,2020,11,4,1,45,2020-11
20201104,2020-11-04,2020,11,4,2,45,2020-11
20201105,2020-11-05,2020,11,4,3,45,2020-11
20201106,2020-11-06,2020,11,4,4,45,2020-11
20201107,2020-11-07,2020,11,4,5,45,2020-11
20201108,2020-11-08,2020,11,4,6,45,2020-11
20201109,2020-11-09,2020,11,4,0,46,2020-11
20201110,2020-11-10,2020,11,4,1,46,2020-11
20201111,2020-11-11,2020,11,4,2,46,2020-11
20201112,2020-11-12,2020,11,4,3,46,2020-11
20201113,2020-11-13,2020,11,4,4,46,2020-11
20201114,2020-11-14,2020,11,4,5,46,2020-11
20201115,2020-11-15,2020,11,4,6,46,2020-11
20201116,2020-11-16,2020,11,4,0,47,2020-11
20201117,2020-11-17,2020,11,4,1,47,2020-11
20201118,2020-11-18,2020,11,4,2,47,2020-11
20201119,2020-11-19,2020,11,4,3,47,2020-11
20201120,2020-11-20,2020,11,4,4,47,2020-11
20201121,2020-11-21,2020,11,4,5,47,2020-11
20201122,2020-11-22,2020,11,4,6,47,2020-11
20201123,2020-11-23,2020,11,4,0,48,2020-11
20201124,2020-11-24,2020,11,4,1,48,2020-11
20201125,2020-11-25,2020,11,4,2,48,2020-11
20201126,2020-11-26,2020,11,4,3,48,2020-11
20201127,2020-11-27,2020,11,4,4,48,2020-11
20201128,2020-11-28,2020,11,4,5,48,2020-11
20201129,2020-11-29,2020,11,4,6,48,2020-11
20201130,2020-11-30,2020,11,4,0,49,2020-11
20201201,2020-12-01,2020,12,4,1,49,2020-12
20201202,2020-12-02,2020,12,4,2,49,2020-12
20201203,2020-12-03,2020,12,4,3,49,2020-12
20201204,2020-12-04,2020,12,4,4,49,2020-12
20201205,2020-12-05,2020,12,4,5,49,2020-12
20201206,2020-12-06,2020,12,4,6,49,2020-12
20201207,2020-12-07,2020,12,4,0,50,2020-12
20201208,2020-12-08,2020,12,4,1,50,2020-12
20201209,2020-12-09,2020,12,4,2,50,2020-12
20201210,2020-12-10,2020,12,4,3,50,2020-12
20201211,2020-12-11,2020,12,4,4,50,2020-12
20201212,2020-12-12,2020,12,4,5,50,2020-12
20201213,2020-12-13,2020,12,4,6,50,2020-12
20201214,2020-12-14,2020,12,4,0,51,2020-12
20201215,2020-12-15,2020,12,4,1,51,2020-12
20201216,2020-12-16,2020,12,4,2,51,2020-12
20201217,2020-12-17,2020,12,4,3,51,2020-12
20201218,2020-12-18,2020,12,4,4,51,2020-12
20201219,2020-12-19,2020,12,4,5,51,2020-12
20201220,2020-12-20,2020,12,4,6,51,2020-12
20201221,2020-12-21,2020,12,4,0,52,2020-12
20201222,2020-12-22,2020,12,4,1,52,2020-12
20201223,2020-12-23,2020,12,4,2,52,2020-12
20201224,2020-12-24,2020,12,4,3,52,2020-12
20201225,2020-12-25,2020,12,4,4,52,2020-12
20201226,2020-12-26,2020,12,4,5,52,2020-12
20201227,2020-12-27,2020,12,4,6,52,2020-12
20201228,2020-12-28,2020,12,4,0,53,2020-12
20201229,2020-12-29,2020,12,4,1,53,2020-12
20201230,2020-12-30,2020,12,4,2,53,2020-12
20201231,2020-12-31,2020,12,4,3,53,2020-12
20210101,2021-01-01,2021,1,1,4,53,2021-01
20210102,2021-01-02,2021,1,1,5,53,2021-01
20210103,2021-01-03,2021,1,1,6,53,2021-01
20210104,2021-01-04,2021,1,1,0,1,2021-01
20210105,2021-01-05,2021,1,1,1,1,2021-01
20210106,2021-01-06,2021,1,1,2,1,2021-01
20210107,2021-01-07,2021,1,1,3,1,2021-01
20210108,2021-01-08,2021,1,1,4,1,2021-01
20210109,2021-01-09,2021,1,1,5,1,2021-01
20210110,2021-01-10,2021,1,1,6,1,2021-01
20210111,2021-01-11,2021,1,1,0,2,2021-01
20210112,2021-01-12,2021,1,1,1,2,2021-01
20210113,2021-01-13,2021,1,1,2,2,2021-01
20210114,2021-01-14,2021,1,1,3,2,2021-01
20210115,2021-01-15,2021,1,1,4,2,2021-01
20210116,2021-01-16,2021,1,1,5,2,2021-01
20210117,2021-01-17,2021,1,1,6,2,2021-01
20210118,2021-01-18,2021,1,1,0,3,2021-01
20210119,2021-01-19,2021,1,1,1,3,2021-01
20210120,2021-01-20,2021,1,1,2,3,2021-01
20210121,2021-01-21,2021,1,1,3,3,2021-01
20210122,2021-01-22,2021,1,1,4,3,2021-01
20210123,2021-01-23,2021,1,1,5,3,2021-01
20210124,2021-01-24,2021,1,1,6,3,2021-01
20210125,2021-01-25,2021,1,1,0,4,2021-01
20210126,2021-01-26,2021,1,1,1,4,2021-01
20210127,2021-01-27,2021,1,1,2,4,2021-01
20210128,2021-01-28,2021,1,1,3,4,2021-01
20210129,2021-01-29,2021,1,1,4,4,2021-01
20210130,2021-01-30,2021,1,1,5,4,2021-01
20210131,2021-01-31,2021,1,1,6,4,2021-01
20210201,2021-02-01,2021,2,1,0,5,2021-02
20210202,2021-02-02,2021,2,1,1,5,2021-02
20210203,2021-02-03,2021,2,1,2,5,2021-02
20210204,2021-02-04,2021,2,1,3,5,2021-02
20210205,2021-02-05,2021,2,1,4,5,2021-02
20210206,2021-02-06,2021,2,1,5,5,2021-02
20210207,2021-02-07,2021,2,1,6,5,2021-02
20210208,2021-02-08,2021,2,1,0,6,2021-02
20210209,2021-02-09,2021,2,1,1,6,2021-02
20210210,2021-02-10,2021,2,1,2,6,2021-02
20210211,2021-02-11,2021,2,1,3,6,2021-02
20210212,2021-02-12,2021,2,1,4,6,2021-02
20210213,2021-02-13,2021,2,1,5,6,2021-02
20210214,2021-02-14,2021,2,1,6,6,2021-02
20210215,2021-02-15,2021,2,1,0,7,2021-02
20210216,2021-02-16,2021,2,1,1,7,2021-02
20210217,2021-02-17,2021,2,1,2,7,2021-02
20210218,2021-02-18,2021,2,1,3,7,2021-02
20210219,2021-02-19,2021,2,1,4,7,2021-02
20210220,2021-02-20,2021,2,1,5,7,2021-02
20210221,2021-02-21,2021,2,1,6,7,2021-02
20210222,2021-02-22,2021,2,1,0,8,2021-02
20210223,2021-02-23,2021,2,1,1,8,2021-02
20210224,2021-02-24,2021,2,1,2,8,2021-02
20210225,2021-02-25,2021,2,1,3,8,2021-02
20210226,2021-02-26,2021,2,1,4,8,2021-02
20210227,2021-02-27,2021,2,1,5,8,2021-02
20210228,2021-02-28,2021,2,1,6,8,2021-02
20210301,2021-03-01,2021,3,1,0,9,2021-03
20210302,2021-03-02,2021,3,1,1,9,2021-03
20210303,2021-03-03,2021,3,1,2,9,2021-03
20210304,2021-03-04,2021,3,1,3,9,2021-03
20210305,2021-03-05,2021,3,1,4,9,2021-03
20210306,2021-03-06,2021,3,1,5,9,2021-03
20210307,2021-03-07,2021,3,1,6,9,2021-03
20210308,2021-03-08,2021,3,1,0,10,2021-03
20210309,2021-03-09,2021,3,1,1,10,2021-03
20210310,2021-03-10,2021,3,1,2,10,2021-03
20210311,2021-03-11,2021,3,1,3,10,2021-03
20210312,2021-03-12,2021,3,1,4,10,2021-03
20210313,2021-03-13,2021,3,1,5,10,2021-03
20210314,2021-03-14,2021,3,1,6,10,2021-03
20210315,2021-03-15,2021,3,1,0,11,2021-03
20210316,2021-03-16,2021,3,1,1,11,2021-03
20210317,2021-03-17,2021,3,1,2,11,2021-03
20210318,2021-03-18,2021,3,1,3,11,2021-03
20210319,2021-03-19,2021,3,1,4,11,2021-03
20210320,2021-03-20,2021,3,1,5,11,2021-03
20210321,2021-03-21,2021,3,1,6,11,2021-03
20210322,2021-03-22,2021,3,1,0,12,2021-03
20210323,2021-03-23,2021,3,1,1,12,2021-03
20210324,2021-03-24,2021,3,1,2,12,2021-03
20210325,2021-03-25,2021,3,1,3,12,2021-03
20210326,2021-03-26,2021,3,1,4,12,2021-03
20210327,2021-03-27,2021,3,1,5,12,2021-03
20210328,2021-03-28,2021,3,1,6,12,2021-03
20210329,2021-03-29,2021,3,1,0,13,2021-03
20210330,2021-03-30,2021,3,1,1,13,2021-03
20210331,2021-03-31,2021,3,1,2,13,2021-03
20210401,2021-04-01,2021,4,2,3,13,2021-04
20210402,2021-04-02,2021,4,2,4,13,2021-04
20210403,2021-04-03,2021,4,2,5,13,2021-04
20210404,2021-04-04,2021,4,2,6,13,2021-04
20210405,2021-04-05,2021,4,2,0,14,2021-04
20210406,2021-04-06,2021,4,2,1,14,2021-04
20210407,2021-04-07,2021,4,2,2,14,2021-04
20210408,2021-04-08,2021,4,2,3,14,2021-04
20210409,2021-04-09,2021,4,2,4,14,2021-04
20210410,2021-04-10,2021,4,2,5,14,2021-04
20210411,2021-04-11,2021,4,2,6,14,2021-04
20210412,2021-04-12,2021,4,2,0,15,2021-04
20210413,2021-04-13,2021,4,2,1,15,2021-04
20210414,2021-04-14,2021,4,2,2,15,2021-04
20210415,2021-04-15,2021,4,2,3,15,2021-04
20210416,2021-04-16,2021,4,2,4,15,2021-04
20210417,2021-04-17,2021,4,2,5,15,2021-04
20210418,2021-04-18,2021,4,2,6,15,2021-04
20210419,2021-04-19,2021,4,2,0,16,2021-04
20210420,2021-04-20,2021,4,2,1,16,2021-04
20210421,2021-04-21,2021,4,2,2,16,2021-04
20210422,2021-04-22,2021,4,2,3,16,2021-04
20210423,2021-04-23,2021,4,2,4,16,2021-04
20210424,2021-04-24,2021,4,2,5,16,2021-04
20210425,2021-04-25,2021,4,2,6,16,2021-04
20210426,2021-04-26,2021,4,2,0,17,2021-04
20210427,2021-04-27,2021,4,2,1,17,2021-04
20210428,2021-04-28,2021,4,2,2,17,2021-04
20210429,2021-04-29,2021,4,2,3,17,2021-04
20210430,2021-04-30,2021,4,2,4,17,2021-04
20210501,2021-05-01,2021,5,2,5,17,2021-05
20210502,2021-05-02,2021,5,2,6,17,2021-05
20210503,2021-05-03,2021,5,2,0,18,2021-05
20210504,2021-05-04,2021,5,2,1,18,2021-05
20210505,2021-05-05,2021,5,2,2,18,2021-05
20210506,2021-05-06,2021,5,2,3,18,2021-05
20210507,2021-05-07,2021,5,2,4,18,2021-05
20210508,2021-05-08,2021,5,2,5,18,2021-05
20210509,2021-05-09,2021,5,2,6,18,2021-05
20210510,2021-05-10,2021,5,2,0,19,2021-05
20210511,2021-05-11,2021,5,2,1,19,2021-05
20210512,2021-05-12,2021,5,2,2,19,2021-05
20210513,2021-05-13,2021,5,2,3,19,2021-05
20210514,2021-05-14,2021,5,2,4,19,2021-05
20210515,2021-05-15,2021,5,2,5,19,2021-05
20210516,2021-05-16,2021,5,2,6,19,2021-05
20210517,2021-05-17,2021,5,2,0,20,2021-05
20210518,2021-05-18,2021,5,2,1,20,2021-05
20210519,2021-05-19,2021,5,2,2,20,2021-05
20210520,2021-05-20,2021,5,2,3,20,2021-05
20210521,2021-05-21,2021,5,2,4,20,2021-05
20210522,2021-05-22,2021,5,2,5,20,2021-05
20210523,2021-05-23,2021,5,2,6,20,2021-05
20210524,2021-05-24,2021,5,2,0,21,2021-05
20210525,2021-05-25,2021,5,2,1,21,2021-05
20210526,2021-05-26,2021,5,2,2,21,2021-05
20210527,2021-05-27,2021,5,2,3,21,2021-05
20210528,2021-05-28,2021,5,2,4,21,2021-05
20210529,2021-05-29,2021,5,2,5,21,2021-05
20210530,2021-05-30,2021,5,2,6,21,2021-05
20210531,2021-05-31,2021,5,2,0,22,2021-05
20210601,2021-06-01,2021,6,2,1,22,2021-06
20210602,2021-06-02,2021,6,2,2,22,2021-06
20210603,2021-06-03,2021,6,2,3,22,2021-06
20210604,2021-06-04,2021,6,2,4,22,2021-06
20210605,2021-06-05,2021,6,2,5,22,2021-06
20210606,2021-06-06,2021,6,2,6,22,2021-06
20210607,2021-06-07,2021,6,2,0,23,2021-06
20210608,2021-06-08,2021,6,2,1,23,2021-06
20210609,2021-06-09,2021,6,2,2,23,2021-06
20210610,2021-06-10,2021,6,2,3,23,2021-06
20210611,2021-06-11,2021,6,2,4,23,2021-06
20210612,2021-06-12,2021,6,2,5,23,2021-06
20210613,2021-06-13,2021,6,2,6,23,2021-06
20210614,2021-06-14,2021,6,2,0,24,2021-06
20210615,2021-06-15,2021,6,2,1,24,2021-06
20210616,2021-06-16,2021,6,2,2,24,2021-06
20210617,2021-06-17,2021,6,2,3,24,2021-06
20210618,2021-06-18,2021,6,2,4,24,2021-06
20210619,2021-06-19,2021,6,2,5,24,2021-06
20210620,2021-06-20,2021,6,2,6,24,2021-06
20210621,2021-06-21,2021,6,2,0,25,2021-06
20210622,2021-06-22,2021,6,2,1,25,2021-06
20210623,2021-06-23,2021,6,2,2,25,2021-06
20210624,2021-06-24,2021,6,2,3,25,2021-06
20210625,2021-06-25,2021,6,2,4,25,2021-06
20210626,2021-06-26,2021,6,2,5,25,2021-06
20210627,2021-06-27,2021,6,2,6,25,2021-06
20210628,2021-06-28,2021,6,2,0,26,2021-06
20210629,2021-06-29,2021,6,2,1,26,2021-06
20210630,2021-06-30,2021,6,2,2,26,2021-06
20210701,2021-07-01,2021,7,3,3,26,2021-07
20210702,2021-07-02,2021,7,3,4,26,2021-07
20210703,2021-07-03,2021,7,3,5,26,2021-07
20210704,2021-07-04,2021,7,3,6,26,2021-07
20210705,2021-07-05,2021,7,3,0,27,2021-07
20210706,2021-07-06,2021,7,3,1,27,2021-07
20210707,2021-07-07,2021,7,3,2,27,2021-07
20210708,2021-07-08,2021,7,3,3,27,2021-07
20210709,2021-07-09,2021,7,3,4,27,2021-07
20210710,2021-07-10,2021,7,3,5,27,2021-07
20210711,2021-07-11,2021,7,3,6,27,2021-07
20210712,2021-07-12,2021,7,3,0,28,2021-07
20210713,2021-07-13,2021,7,3,1,28,2021-07
20210714,2021-07-14,2021,7,3,2,28,2021-07
20210715,2021-07-15,2021,7,3,3,28,2021-07
20210716,2021-07-16,2021,7,3,4,28,2021-07
20210717,2021-07-17,2021,7,3,5,28,2021-07
20210718,2021-07-18,2021,7,3,6,28,2021-07
20210719,2021-07-19,2021,7,3,0,29,2021-07
20210720,2021-07-20,2021,7,3,1,29,2021-07
20210721,2021-07-21,2021,7,3,2,29,2021-07
20210722,2021-07-22,2021,7,3,3,29,2021-07
20210723,2021-07-23,2021,7,3,4,29,2021-07
20210724,2021-07-24,2021,7,3,5,29,2021-07
20210725,2021-07-25,2021,7,3,6,29,2021-07
20210726,2021-07-26,2021,7,3,0,30,2021-07
20210727,2021-07-27,2021,7,3,1,30,2021-07
20210728,2021-07-28,2021,7,3,2,30,2021-07
20210729,2021-07-29,2021,7,3,3,30,2021-07
20210730,2021-07-30,2021,7,3,4,30,2021-07
20210731,2021-07-31,2021,7,3,5,30,2021-07
20210801,2021-08-01,2021,8,3,6,30,2021-08
20210802,2021-08-02,2021,8,3,0,31,2021-08
20210803,2021-08-03,2021,8,3,1,31,2021-08
20210804,2021-08-04,2021,8,3,2,31,2021-08
20210805,2021-08-05,2021,8,3,3,31,2021-08
20210806,2021-08-06,2021,8,3,4,31,2021-08
20210807,2021-08-07,2021,8,3,5,31,2021-08
20210808,2021-08-08,2021,8,3,6,31,2021-08
20210809,2021-08-09,2021,8,3,0,32,2021-08
20210810,2021-08-10,2021,8,3,1,32,2021-08
20210811,2021-08-11,2021,8,3,2,32,2021-08
20210812,2021-08-12,2021,8,3,3,32,2021-08
20210813,2021-08-13,2021,8,3,4,32,2021-08
20210814,2021-08-14,2021,8,3,5,32,2021-08
20210815,2021-08-15,2021,8,3,6,32,2021-08
20210816,2021-08-16,2021,8,3,0,33,2021-08
20210817,2021-08-17,2021,8,3,1,33,2021-08
20210818,2021-08-18,2021,8,3,2,33,2021-08
20210819,2021-08-19,2021,8,3,3,33,2021-08
20210820,2021-08-20,2021,8,3,4,33,2021-08
20210821,2021-08-21,2021,8,3,5,33,2021-08
20210822,2021-08-22,2021,8,3,6,33,2021-08
20210823,2021-08-23,2021,8,3,0,34,2021-08
20210824,2021-08-24,2021,8,3,1,34,2021-08
20210825,2021-08-25,2021,8,3,2,34,2021-08
20210826,2021-08-26,2021,8,3,3,34,2021-08
20210827,2021-08-27,2021,8,3,4,34,2021-08
20210828,2021-08-28,2021,8,3,5,34,2021-08
20210829,2021-08-29,2021,8,3,6,34,2021-08
20210830,2021-08-30,2021,8,3,0,35,2021-08
20210831,2021-08-31,2021,8,3,1,35,2021-08
20210901,2021-09-01,2021,9,3,2,35,2021-09
20210902,2021-09-02,2021,9,3,3,35,2021-09
20210903,2021-09-03,2021,9,3,4,35,2021-09
20210904,2021-09-04,2021,9,3,5,35,2021-09
20210905,2021-09-05,2021,9,3,6,35,2021-09
20210906,2021-09-06,2021,9,3,0,36,2021-09
20210907,2021-09-07,2021,9,3,1,36,2021-09
20210908,2021-09-08,2021,9,3,2,36,2021-09
20210909,2021-09-09,2021,9,3,3,36,2021-09
20210910,2021-09-10,2021,9,3,4,36,2021-09
20210911,2021-09-11,2021,9,3,5,36,2021-09
20210912,2021-09-12,2021,9,3,6,36,2021-09
20210913,2021-09-13,2021,9,3,0,37,2021-09
20210914,2021-09-14,2021,9,3,1,37,2021-09
20210915,2021-09-15,2021,9,3,2,37,2021-09
20210916,2021-09-16,2021,9,3,3,37,2021-09
20210917,2021-09-17,2021,9,3,4,37,2021-09
20210918,2021-09-18,2021,9,3,5,37,2021-09
20210919,2021-09-19,2021,9,3,6,37,2021-09
20210920,2021-09-20,2021,9,3,0,38,2021-09
20210921,2021-09-21,2021,9,3,1,38,2021-09
20210922,2021-09-22,2021,9,3,2,38,2021-09
20210923,2021-09-23,2021,9,3,3,38,2021-09
20210924,2021-09-24,2021,9,3,4,38,2021-09
20210925,2021-09-25,2021,9,3,5,38,2021-09
20210926,2021-09-26,2021,9,3,6,38,2021-09
20210927,2021-09-27,2021,9,3,0,39,2021-09
20210928,2021-09-28,2021,9,3,1,39,2021-09
20210929,2021-09-29,2021,9,3,2,39,2021-09
20210930,2021-09-30,2021,9,3,3,39,2021-09
20211001,2021-10-01,2021,10,4,4,39,2021-10
20211002,2021-10-02,2021,10,4,5,39,2021-10
20211003,2021-10-03,2021,10,4,6,39,2021-10
20211004,2021-10-04,2021,10,4,0,40,2021-10
20211005,2021-10-05,2021,10,4,1,40,2021-10
20211006,2021-10-06,2021,10,4,2,40,2021-10
20211007,2021-10-07,2021,10,4,3,40,2021-10
20211008,2021-10-08,2021,10,4,4,40,2021-10
20211009,2021-10-09,2021,10,4,5,40,2021-10
20211010,2021-10-10,2021,10,4,6,40,2021-10
20211011,2021-10-11,2021,10,4,0,41,2021-10
20211012,2021-10-12,2021,10,4,1,41,2021-10
20211013,2021-10-13,2021,10,4,2,41,2021-10
20211014,2021-10-14,2021,10,4,3,41,2021-10
20211015,2021-10-15,2021,10,4,4,41,2021-10
20211016,2021-10-16,2021,10,4,5,41,2021-10
20211017,2021-10-17,2021,10,4,6,41,2021-10
20211018,2021-10-18,2021,10,4,0,42,2021-10
20211019,2021-10-19,2021,10,4,1,42,2021-10
20211020,2021-10-20,2021,10,4,2,42,2021-10
20211021,2021-10-21,2021,10,4,3,42,2021-10
20211022,2021-10-22,2021,10,4,4,42,2021-10
20211023,2021-10-23,2021,10,4,5,42,2021-10
20211024,2021-10-24,2021,10,4,6,42,2021-10
20211025,2021-10-25,2021,10,4,0,43,2021-10
20211026,2021-10-26,2021,10,4,1,43,2021-10
20211027,2021-10-27,2021,10,4,2,43,2021-10
20211028,2021-10-28,2021,10,4,3,43,2021-10
20211029,2021-10-29,2021,10,4,4,43,2021-10
20211030,2021-10-30,2021,10,4,5,43,2021-10
20211031,2021-10-31,2021,10,4,6,43,2021-10
20211101,2021-11-01,2021,11,4,0,44,2021-11
20211102,2021-11-02,2021,11,4,1,44,2021-11
20211103,2021-11-03,2021,11,4,2,44,2021-11
20211104,2021-11-04,2021,11,4,3,44,2021-11
20211105,2021-11-05,2021,11,4,4,44,2021-11
20211106,2021-11-06,2021,11,4,5,44,2021-11
20211107,2021-11-07,2021,11,4,6,44,2021-11
20211108,2021-11-08,2021,11,4,0,45,2021-11
20211109,2021-11-09,2021,11,4,1,45,2021-11
20211110,2021-11-10,2021,11,4,2,45,2021-11
20211111,2021-11-11,2021,11,4,3,45,2021-11
20211112,2021-11-12,2021,11,4,4,45,2021-11
20211113,2021-11-13,2021,11,4,5,45,2021-11
20211114,2021-11-14,2021,11,4,6,45,2021-11
20211115,2021-11-15,2021,11,4,0,46,2021-11
20211116,2021-11-16,2021,11,4,1,46,2021-11
20211117,2021-11-17,2021,11,4,2,46,2021-11
20211118,2021-11-18,2021,11,4,3,46,2021-11
20211119,2021-11-19,2021,11,4,4,46,2021-11
20211120,2021-11-20,2021,11,4,5,46,2021-11
20211121,2021-11-21,2021,11,4,6,46,2021-11
20211122,2021-11-22,2021,11,4,0,47,2021-11
20211123,2021-11-23,2021,11,4,1,47,2021-11
20211124,2021-11-24,2021,11,4,2,47,2021-11
20211125,2021-11-25,2021,11,4,3,47,2021-11
20211126,2021-11-26,2021,11,4,4,47,2021-11
20211127,2021-11-27,2021,11,4,5,47,2021-11
20211128,2021-11-28,2021,11,4,6,47,2021-11
20211129,2021-11-29,2021,11,4,0,48,2021-11
20211130,2021-11-30,2021,11,4,1,48,2021-11
20211201,2021-12-01,2021,12,4,2,48,2021-12
20211202,2021-12-02,2021,12,4,3,48,2021-12
20211203,2021-12-03,2021,12,4,4,48,2021-12
20211204,2021-12-04,2021,12,4,5,48,2021-12
20211205,2021-12-05,2021,12,4,6,48,2021-12
20211206,2021-12-06,2021,12,4,0,49,2021-12
20211207,2021-12-07,2021,12,4,1,49,2021-12
20211208,2021-12-08,2021,12,4,2,49,2021-12
20211209,2021-12-09,2021,12,4,3,49,2021-12
20211210,2021-12-10,2021,12,4,4,49,2021-12
20211211,2021-12-11,2021,12,4,5,49,2021-12
20211212,2021-12-12,2021,12,4,6,49,2021-12
20211213,2021-12-13,2021,12,4,0,50,2021-12
20211214,2021-12-14,2021,12,4,1,50,2021-12
20211215,2021-12-15,2021,12,4,2,50,2021-12
20211216,2021-12-16,2021,12,4,3,50,2021-12
20211217,2021-12-17,2021,12,4,4,50,2021-12
20211218,2021-12-18,2021,12,4,5,50,2021-12
20211219,2021-12-19,2021,12,4,6,50,2021-12
20211220,2021-12-20,2021,12,4,0,51,2021-12
20211221,2021-12-21,2021,12,4,1,51,2021-12
20211222,2021-12-22,2021,12,4,2,51,2021-12
20211223,2021-12-23,2021,12,4,3,51,2021-12
20211224,2021-12-24,2021,12,4,4,51,2021-12
20211225,2021-12-25,2021,12,4,5,51,2021-12
20211226,2021-12-26,2021,12,4,6,51,2021-12
20211227,2021-12-27,2021,12,4,0,52,2021-12
20211228,2021-12-28,2021,12,4,1,52,2021-12
20211229,2021-12-29,2021,12,4,2,52,2021-12
20211230,2021-12-30,2021,12,4,3,52,2021-12
20211231,2021-12-31,2021,12,4,4,52,2021-12
20220101,2022-01-01,2022,1,1,5,52,2022-01
20220102,2022-01-02,2022,1,1,6,52,2022-01
20220103,2022-01-03,2022,1,1,0,1,2022-01
20220104,2022-01-04,2022,1,1,1,1,2022-01
20220105,2022-01-05,2022,1,1,2,1,2022-01
20220106,2022-01-06,2022,1,1,3,1,2022-01
20220107,2022-01-07,2022,1,1,4,1,2022-01
20220108,2022-01-08,2022,1,1,5,1,2022-01
20220109,2022-01-09,2022,1,1,6,1,2022-01
20220110,2022-01-10,2022,1,1,0,2,2022-01
20220111,2022-01-11,2022,1,1,1,2,2022-01
20220112,2022-01-12,2022,1,1,2,2,2022-01
20220113,2022-01-13,2022,1,1,3,2,2022-01
20220114,2022-01-14,2022,1,1,4,2,2022-01
20220115,2022-01-15,2022,1,1,5,2,2022-01
20220116,2022-01-16,2022,1,1,6,2,2022-01
20220117,2022-01-17,2022,1,1,0,3,2022-01
20220118,2022-01-18,2022,1,1,1,3,2022-01
20220119,2022-01-19,2022,1,1,2,3,2022-01
20220120,2022-01-20,2022,1,1,3,3,2022-01
20220121,2022-01-21,2022,1,1,4,3,2022-01
20220122,2022-01-22,2022,1,1,5,3,2022-01
20220123,2022-01-23,2022,1,1,6,3,2022-01
20220124,2022-01-24,2022,1,1,0,4,2022-01
20220125,2022-01-25,2022,1,1,1,4,2022-01
20220126,2022-01-26,2022,1,1,2,4,2022-01
20220127,2022-01-27,2022,1,1,3,4,2022-01
20220128,2022-01-28,2022,1,1,4,4,2022-01
20220129,2022-01-29,2022,1,1,5,4,2022-01
20220130,2022-01-30,2022,1,1,6,4,2022-01
20220131,2022-01-31,2022,1,1,0,5,2022-01
20220201,2022-02-01,2022,2,1,1,5,2022-02
20220202,2022-02-02,2022,2,1,2,5,2022-02
20220203,2022-02-03,2022,2,1,3,5,2022-02
20220204,2022-02-04,2022,2,1,4,5,2022-02
20220205,2022-02-05,2022,2,1,5,5,2022-02
20220206,2022-02-06,2022,2,1,6,5,2022-02
20220207,2022-02-07,2022,2,1,0,6,2022-02
20220208,2022-02-08,2022,2,1,1,6,2022-02
20220209,2022-02-09,2022,2,1,2,6,2022-02
20220210,2022-02-10,2022,2,1,3,6,2022-02
20220211,2022-02-11,2022,2,1,4,6,2022-02
20220212,2022-02-12,2022,2,1,5,6,2022-02
20220213,2022-02-13,2022,2,1,6,6,2022-02
20220214,2022-02-14,2022,2,1,0,7,2022-02
20220215,2022-02-15,2022,2,1,1,7,2022-02
20220216,2022-02-16,2022,2,1,2,7,2022-02
20220217,2022-02-17,2022,2,1,3,7,2022-02
20220218,2022-02-18,2022,2,1,4,7,2022-02
20220219,2022-02-19,2022,2,1,5,7,2022-02
20220220,2022-02-20,2022,2,1,6,7,2022-02
20220221,2022-02-21,2022,2,1,0,8,2022-02
20220222,2022-02-22,2022,2,1,1,8,2022-02
20220223,2022-02-23,2022,2,1,2,8,2022-02
20220224,2022-02-24,2022,2,1,3,8,2022-02
20220225,2022-02-25,2022,2,1,4,8,2022-02
20220226,2022-02-26,2022,2,1,5,8,2022-02
20220227,2022-02-27,2022,2,1,6,8,2022-02
20220228,2022-02-28,2022,2,1,0,9,2022-02
20220301,2022-03-01,2022,3,1,1,9,2022-03
20220302,2022-03-02,2022,3,1,2,9,2022-03
20220303,2022-03-03,2022,3,1,3,9,2022-03
20220304,2022-03-04,2022,3,1,4,9,2022-03
20220305,2022-03-05,2022,3,1,5,9,2022-03
20220306,2022-03-06,2022,3,1,6,9,2022-03
20220307,2022-03-07,2022,3,1,0,10,2022-03
20220308,2022-03-08,2022,3,1,1,10,2022-03
20220309,2022-03-09,2022,3,1,2,10,2022-03
20220310,2022-03-10,2022,3,1,3,10,2022-03
20220311,2022-03-11,2022,3,1,4,10,2022-03
20220312,2022-03-12,2022,3,1,5,10,2022-03
20220313,2022-03-13,2022,3,1,6,10,2022-03
20220314,2022-03-14,2022,3,1,0,11,2022-03
20220315,2022-03-15,2022,3,1,1,11,2022-03
20220316,2022-03-16,2022,3,1,2,11,2022-03
20220317,2022-03-17,2022,3,1,3,11,2022-03
20220318,2022-03-18,2022,3,1,4,11,2022-03
20220319,2022-03-19,2022,3,1,5,11,2022-03
20220320,2022-03-20,2022,3,1,6,11,2022-03
20220321,2022-03-21,2022,3,1,0,12,2022-03
20220322,2022-03-22,2022,3,1,1,12,2022-03
20220323,2022-03-23,2022,3,1,2,12,2022-03
20220324,2022-03-24,2022,3,1,3,12,2022-03
20220325,2022-03-25,2022,3,1,4,12,2022-03
20220326,2022-03-26,2022,3,1,5,12,2022-03
20220327,2022-03-27,2022,3,1,6,12,2022-03
20220328,2022-03-28,2022,3,1,0,13,2022-03
20220329,2022-03-29,2022,3,1,1,13,2022-03
20220330,2022-03-30,2022,3,1,2,13,2022-03
20220331,2022-03-31,2022,3,1,3,13,2022-03
20220401,2022-04-01,2022,4,2,4,13,2022-04
20220402,2022-04-02,2022,4,2,5,13,2022-04
20220403,2022-04-03,2022,4,2,6,13,2022-04
20220404,2022-04-04,2022,4,2,0,14,2022-04
20220405,2022-04-05,2022,4,2,1,14,2022-04
20220406,2022-04-06,2022,4,2,2,14,2022-04
20220407,2022-04-07,2022,4,2,3,14,2022-04
20220408,2022-04-08,2022,4,2,4,14,2022-04
20220409,2022-04-09,2022,4,2,5,14,2022-04
20220410,2022-04-10,2022,4,2,6,14,2022-04
20220411,2022-04-11,2022,4,2,0,15,2022-04
20220412,2022-04-12,2022,4,2,1,15,2022-04
20220413,2022-04-13,2022,4,2,2,15,2022-04
20220414,2022-04-14,2022,4,2,3,15,2022-04
20220415,2022-04-15,2022,4,2,4,15,2022-04
20220416,2022-04-16,2022,4,2,5,15,2022-04
20220417,2022-04-17,2022,4,2,6,15,2022-04
20220418,2022-04-18,2022,4,2,0,16,2022-04
20220419,2022-04-19,2022,4,2,1,16,2022-04
20220420,2022-04-20,2022,4,2,2,16,2022-04
20220421,2022-04-21,2022,4,2,3,16,2022-04
20220422,2022-04-22,2022,4,2,4,16,2022-04
20220423,2022-04-23,2022,4,2,5,16,2022-04
20220424,2022-04-24,2022,4,2,6,16,2022-04
20220425,2022-04-25,2022,4,2,0,17,2022-04
20220426,2022-04-26,2022,4,2,1,17,2022-04
20220427,2022-04-27,2022,4,2,2,17,2022-04
20220428,2022-04-28,2022,4,2,3,17,2022-04
20220429,2022-04-29,2022,4,2,4,17,2022-04
20220430,2022-04-30,2022,4,2,5,17,2022-04
20220501,2022-05-01,2022,5,2,6,17,2022-05
20220502,2022-05-02,2022,5,2,0,18,2022-05
20220503,2022-05-03,2022,5,2,1,18,2022-05
20220504,2022-05-04,2022,5,2,2,18,2022-05
20220505,2022-05-05,2022,5,2,3,18,2022-05
20220506,2022-05-06,2022,5,2,4,18,2022-05
20220507,2022-05-07,2022,5,2,5,18,2022-05
20220508,2022-05-08,2022,5,2,6,18,2022-05
20220509,2022-05-09,2022,5,2,0,19,2022-05
20220510,2022-05-10,2022,5,2,1,19,2022-05
20220511,2022-05-11,2022,5,2,2,19,2022-05
20220512,2022-05-12,2022,5,2,3,19,2022-05
20220513,2022-05-13,2022,5,2,4,19,2022-05
20220514,2022-05-14,2022,5,2,5,19,2022-05
20220515,2022-05-15,2022,5,2,6,19,2022-05
20220516,2022-05-16,2022,5,2,0,20,2022-05
20220517,2022-05-17,2022,5,2,1,20,2022-05
20220518,2022-05-18,2022,5,2,2,20,2022-05
20220519,2022-05-19,2022,5,2,3,20,2022-05
20220520,2022-05-20,2022,5,2,4,20,2022-05
20220521,2022-05-21,2022,5,2,5,20,2022-05
20220522,2022-05-22,2022,5,2,6,20,2022-05
20220523,2022-05-23,2022,5,2,0,21,2022-05
20220524,2022-05-24,2022,5,2,1,21,2022-05
20220525,2022-05-25,2022,5,2,2,21,2022-05
20220526,2022-05-26,2022,5,2,3,21,2022-05
20220527,2022-05-27,2022,5,2,4,21,2022-05
20220528,2022-05-28,2022,5,2,5,21,2022-05
20220529,2022-05-29,2022,5,2,6,21,2022-05
20220530,2022-05-30,2022,5,2,0,22,2022-05
20220531,2022-05-31,2022,5,2,1,22,2022-05
20220601,2022-06-01,2022,6,2,2,22,2022-06
20220602,2022-06-02,2022,6,2,3,22,2022-06
20220603,2022-06-03,2022,6,2,4,22,2022-06
20220604,2022-06-04,2022,6,2,5,22,2022-06
20220605,2022-06-05,2022,6,2,6,22,2022-06
20220606,2022-06-06,2022,6,2,0,23,2022-06
20220607,2022-06-07,2022,6,2,1,23,2022-06
20220608,2022-06-08,2022,6,2,2,23,2022-06
20220609,2022-06-09,2022,6,2,3,23,2022-06
20220610,2022-06-10,2022,6,2,4,23,2022-06
20220611,2022-06-11,2022,6,2,5,23,2022-06
20220612,2022-06-12,2022,6,2,6,23,2022-06
20220613,2022-06-13,2022,6,2,0,24,2022-06
20220614,2022-06-14,2022,6,2,1,24,2022-06
20220615,2022-06-15,2022,6,2,2,24,2022-06
20220616,2022-06-16,2022,6,2,3,24,2022-06
20220617,2022-06-17,2022,6,2,4,24,2022-06
20220618,2022-06-18,2022,6,2,5,24,2022-06
20220619,2022-06-19,2022,6,2,6,24,2022-06
20220620,2022-06-20,2022,6,2,0,25,2022-06
20220621,2022-06-21,2022,6,2,1,25,2022-06
20220622,2022-06-22,2022,6,2,2,25,2022-06
20220623,2022-06-23,2022,6,2,3,25,2022-06
20220624,2022-06-24,2022,6,2,4,25,2022-06
20220625,2022-06-25,2022,6,2,5,25,2022-06
20220626,2022-06-26,2022,6,2,6,25,2022-06
20220627,2022-06-27,2022,6,2,0,26,2022-06
20220628,2022-06-28,2022,6,2,1,26,2022-06
20220629,2022-06-29,2022,6,2,2,26,2022-06
20220630,2022-06-30,2022,6,2,3,26,2022-06
20220701,2022-07-01,2022,7,3,4,26,2022-07
20220702,2022-07-02,2022,7,3,5,26,2022-07
20220703,2022-07-03,2022,7,3,6,26,2022-07
20220704,2022-07-04,2022,7,3,0,27,2022-07
20220705,2022-07-05,2022,7,3,1,27,2022-07
20220706,2022-07-06,2022,7,3,2,27,2022-07
20220707,2022-07-07,2022,7,3,3,27,2022-07
20220708,2022-07-08,2022,7,3,4,27,2022-07
20220709,2022-07-09,2022,7,3,5,27,2022-07
20220710,2022-07-10,2022,7,3,6,27,2022-07
20220711,2022-07-11,2022,7,3,0,28,2022-07
20220712,2022-07-12,2022,7,3,1,28,2022-07
20220713,2022-07-13,2022,7,3,2,28,2022-07
20220714,2022-07-14,2022,7,3,3,28,2022-07
20220715,2022-07-15,2022,7,3,4,28,2022-07
20220716,2022-07-16,2022,7,3,5,28,2022-07
20220717,2022-07-17,2022,7,3,6,28,2022-07
20220718,2022-07-18,2022,7,3,0,29,2022-07
20220719,2022-07-19,2022,7,3,1,29,2022-07
20220720,2022-07-20,2022,7,3,2,29,2022-07
20220721,2022-07-21,2022,7,3,3,29,2022-07
20220722,2022-07-22,2022,7,3,4,29,2022-07
20220723,2022-07-23,2022,7,3,5,29,2022-07
20220724,2022-07-24,2022,7,3,6,29,2022-07
20220725,2022-07-25,2022,7,3,0,30,2022-07
20220726,2022-07-26,2022,7,3,1,30,2022-07
20220727,2022-07-27,2022,7,3,2,30,2022-07
20220728,2022-07-28,2022,7,3,3,30,2022-07
20220729,2022-07-29,2022,7,3,4,30,2022-07
20220730,2022-07-30,2022,7,3,5,30,2022-07
20220731,2022-07-31,2022,7,3,6,30,2022-07
20220801,2022-08-01,2022,8,3,0,31,2022-08
20220802,2022-08-02,2022,8,3,1,31,2022-08
20220803,2022-08-03,2022,8,3,2,31,2022-08
20220804,2022-08-04,2022,8,3,3,31,2022-08
20220805,2022-08-05,2022,8,3,4,31,2022-08
20220806,2022-08-06,2022,8,3,5,31,2022-08
20220807,2022-08-07,2022,8,3,6,31,2022-08
20220808,2022-08-08,2022,8,3,0,32,2022-08
20220809,2022-08-09,2022,8,3,1,32,2022-08
20220810,2022-08-10,2022,8,3,2,32,2022-08
20220811,2022-08-11,2022,8,3,3,32,2022-08
20220812,2022-08-12,2022,8,3,4,32,2022-08
20220813,2022-08-13,2022,8,3,5,32,2022-08
20220814,2022-08-14,2022,8,3,6,32,2022-08
20220815,2022-08-15,2022,8,3,0,33,2022-08
20220816,2022-08-16,2022,8,3,1,33,2022-08
20220817,2022-08-17,2022,8,3,2,33,2022-08
20220818,2022-08-18,2022,8,3,3,33,2022-08
20220819,2022-08-19,2022,8,3,4,33,2022-08
20220820,2022-08-20,2022,8,3,5,33,2022-08
20220821,2022-08-21,2022,8,3,6,33,2022-08
20220822,2022-08-22,2022,8,3,0,34,2022-08
20220823,2022-08-23,2022,8,3,1,34,2022-08
20220824,2022-08-24,2022,8,3,2,34,2022-08
20220825,2022-08-25,2022,8,3,3,34,2022-08
20220826,2022-08-26,2022,8,3,4,34,2022-08
20220827,2022-08-27,2022,8,3,5,34,2022-08
20220828,2022-08-28,2022,8,3,6,34,2022-08
20220829,2022-08-29,2022,8,3,0,35,2022-08
20220830,2022-08-30,2022,8,3,1,35,2022-08
20220831,2022-08-31,2022,8,3,2,35,2022-08
20220901,2022-09-01,2022,9,3,3,35,2022-09
20220902,2022-09-02,2022,9,3,4,35,2022-09
20220903,2022-09-03,2022,9,3,5,35,2022-09
20220904,2022-09-04,2022,9,3,6,35,2022-09
20220905,2022-09-05,2022,9,3,0,36,2022-09
20220906,2022-09-06,2022,9,3,1,36,2022-09
20220907,2022-09-07,2022,9,3,2,36,2022-09
20220908,2022-09-08,2022,9,3,3,36,2022-09
20220909,2022-09-09,2022,9,3,4,36,2022-09
20220910,2022-09-10,2022,9,3,5,36,2022-09
20220911,2022-09-11,2022,9,3,6,36,2022-09
20220912,2022-09-12,2022,9,3,0,37,2022-09
20220913,2022-09-13,2022,9,3,1,37,2022-09
20220914,2022-09-14,2022,9,3,2,37,2022-09
20220915,2022-09-15,2022,9,3,3,37,2022-09
20220916,2022-09-16,2022,9,3,4,37,2022-09
20220917,2022-09-17,2022,9,3,5,37,2022-09
20220918,2022-09-18,2022,9,3,6,37,2022-09
20220919,2022-09-19,2022,9,3,0,38,2022-09
20220920,2022-09-20,2022,9,3,1,38,2022-09
20220921,2022-09-21,2022,9,3,2,38,2022-09
20220922,2022-09-22,2022,9,3,3,38,2022-09
20220923,2022-09-23,2022,9,3,4,38,2022-09
20220924,2022-09-24,2022,9,3,5,38,2022-09
20220925,2022-09-25,2022,9,3,6,38,2022-09
20220926,2022-09-26,2022,9,3,0,39,2022-09
20220927,2022-09-27,2022,9,3,1,39,2022-09
20220928,2022-09-28,2022,9,3,2,39,2022-09
20220929,2022-09-29,2022,9,3,3,39,2022-09
20220930,2022-09-30,2022,9,3,4,39,2022-09
20221001,2022-10-01,2022,10,4,5,39,2022-10
20221002,2022-10-02,2022,10,4,6,39,2022-10
20221003,2022-10-03,2022,10,4,0,40,2022-10
20221004,2022-10-04,2022,10,4,1,40,2022-10
20221005,2022-10-05,2022,10,4,2,40,2022-10
20221006,2022-10-06,2022,10,4,3,40,2022-10
20221007,2022-10-07,2022,10,4,4,40,2022-10
20221008,2022-10-08,2022,10,4,5,40,2022-10
20221009,2022-10-09,2022,10,4,6,40,2022-10
20221010,2022-10-10,2022,10,4,0,41,2022-10
20221011,2022-10-11,2022,10,4,1,41,2022-10
20221012,2022-10-12,2022,10,4,2,41,2022-10
20221013,2022-10-13,2022,10,4,3,41,2022-10
20221014,2022-10-14,2022,10,4,4,41,2022-10
20221015,2022-10-15,2022,10,4,5,41,2022-10
20221016,2022-10-16,2022,10,4,6,41,2022-10
20221017,2022-10-17,2022,10,4,0,42,2022-10
20221018,2022-10-18,2022,10,4,1,42,2022-10
20221019,2022-10-19,2022,10,4,2,42,2022-10
20221020,2022-10-20,2022,10,4,3,42,2022-10
20221021,2022-10-21,2022,10,4,4,42,2022-10
20221022,2022-10-22,2022,10,4,5,42,2022-10
20221023,2022-10-23,2022,10,4,6,42,2022-10
20221024,2022-10-24,2022,10,4,0,43,2022-10
20221025,2022-10-25,2022,10,4,1,43,2022-10
20221026,2022-10-26,2022,10,4,2,43,2022-10
20221027,2022-10-27,2022,10,4,3,43,2022-10
20221028,2022-10-28,2022,10,4,4,43,2022-10
20221029,2022-10-29,2022,10,4,5,43,2022-10
20221030,2022-10-30,2022,10,4,6,43,2022-10
20221031,2022-10-31,2022,10,4,0,44,2022-10
20221101,2022-11-01,2022,11,4,1,44,2022-11
20221102,2022-11-02,2022,11,4,2,44,2022-11
20221103,2022-11-03,2022,11,4,3,44,2022-11
20221104,2022-11-04,2022,11,4,4,44,2022-11
20221105,2022-11-05,2022,11,4,5,44,2022-11
20221106,2022-11-06,2022,11,4,6,44,2022-11
20221107,2022-11-07,2022,11,4,0,45,2022-11
20221108,2022-11-08,2022,11,4,1,45,2022-11
20221109,2022-11-09,2022,11,4,2,45,2022-11
20221110,2022-11-10,2022,11,4,3,45,2022-11
20221111,2022-11-11,2022,11,4,4,45,2022-11
20221112,2022-11-12,2022,11,4,5,45,2022-11
20221113,2022-11-13,2022,11,4,6,45,2022-11
20221114,2022-11-14,2022,11,4,0,46,2022-11
20221115,2022-11-15,2022,11,4,1,46,2022-11
20221116,2022-11-16,2022,11,4,2,46,2022-11
20221117,2022-11-17,2022,11,4,3,46,2022-11
20221118,2022-11-18,2022,11,4,4,46,2022-11
20221119,2022-11-19,2022,11,4,5,46,2022-11
20221120,2022-11-20,2022,11,4,6,46,2022-11
20221121,2022-11-21,2022,11,4,0,47,2022-11
20221122,2022-11-22,2022,11,4,1,47,2022-11
20221123,2022-11-23,2022,11,4,2,47,2022-11
20221124,2022-11-24,2022,11,4,3,47,2022-11
20221125,2022-11-25,2022,11,4,4,47,2022-11
20221126,2022-11-26,2022,11,4,5,47,2022-11
20221127,2022-11-27,2022,11,4,6,47,2022-11
20221128,2022-11-28,2022,11,4,0,48,2022-11
20221129,2022-11-29,2022,11,4,1,48,2022-11
20221130,2022-11-30,2022,11,4,2,48,2022-11
20221201,2022-12-01,2022,12,4,3,48,2022-12
20221202,2022-12-02,2022,12,4,4,48,2022-12
20221203,2022-12-03,2022,12,4,5,48,2022-12
20221204,2022-12-04,2022,12,4,6,48,2022-12
20221205,2022-12-05,2022,12,4,0,49,2022-12
20221206,2022-12-06,2022,12,4,1,49,2022-12
20221207,2022-12-07,2022,12,4,2,49,2022-12
20221208,2022-12-08,2022,12,4,3,49,2022-12
20221209,2022-12-09,2022,12,4,4,49,2022-12
20221210,2022-12-10,2022,12,4,5,49,2022-12
20221211,2022-12-11,2022,12,4,6,49,2022-12
20221212,2022-12-12,2022,12,4,0,50,2022-12
20221213,2022-12-13,2022,12,4,1,50,2022-12
20221214,2022-12-14,2022,12,4,2,50,2022-12
20221215,2022-12-15,2022,12,4,3,50,2022-12
20221216,2022-12-16,2022,12,4,4,50,2022-12
20221217,2022-12-17,2022,12,4,5,50,2022-12
20221218,2022-12-18,2022,12,4,6,50,2022-12
20221219,2022-12-19,2022,12,4,0,51,2022-12
20221220,2022-12-20,2022,12,4,1,51,2022-12
20221221,2022-12-21,2022,12,4,2,51,2022-12
20221222,2022-12-22,2022,12,4,3,51,2022-12
20221223,2022-12-23,2022,12,4,4,51,2022-12
20221224,2022-12-24,2022,12,4,5,51,2022-12
20221225,2022-12-25,2022,12,4,6,51,2022-12
20221226,2022-12-26,2022,12,4,0,52,2022-12
20221227,2022-12-27,2022,12,4,1,52,2022-12
20221228,2022-12-28,2022,12,4,2,52,2022-12
20221229,2022-12-29,2022,12,4,3,52,2022-12
20221230,2022-12-30,2022,12,4,4,52,2022-12
20221231,2022-12-31,2022,12,4,5,52,2022-12
20230101,2023-01-01,2023,1,1,6,52,2023-01
20230102,2023-01-02,2023,1,1,0,1,2023-01
20230103,2023-01-03,2023,1,1,1,1,2023-01
20230104,2023-01-04,2023,1,1,2,1,2023-01
20230105,2023-01-05,2023,1,1,3,1,2023-01
20230106,2023-01-06,2023,1,1,4,1,2023-01
20230107,2023-01-07,2023,1,1,5,1,2023-01
20230108,2023-01-08,2023,1,1,6,1,2023-01
20230109,2023-01-09,2023,1,1,0,2,2023-01
20230110,2023-01-10,2023,1,1,1,2,2023-01
20230111,2023-01-11,2023,1,1,2,2,2023-01
20230112,2023-01-12,2023,1,1,3,2,2023-01
20230113,2023-01-13,2023,1,1,4,2,2023-01
20230114,2023-01-14,2023,1,1,5,2,2023-01
20230115,2023-01-15,2023,1,1,6,2,2023-01
20230116,2023-01-16,2023,1,1,0,3,2023-01
20230117,2023-01-17,2023,1,1,1,3,2023-01
20230118,2023-01-18,2023,1,1,2,3,2023-01
20230119,2023-01-19,2023,1,1,3,3,2023-01
20230120,2023-01-20,2023,1,1,4,3,2023-01
20230121,2023-01-21,2023,1,1,5,3,2023-01
20230122,2023-01-22,2023,1,1,6,3,2023-01
20230123,2023-01-23,2023,1,1,0,4,2023-01
20230124,2023-01-24,2023,1,1,1,4,2023-01
20230125,2023-01-25,2023,1,1,2,4,2023-01
20230126,2023-01-26,2023,1,1,3,4,2023-01
20230127,2023-01-27,2023,1,1,4,4,2023-01
20230128,2023-01-28,2023,1,1,5,4,2023-01
20230129,2023-01-29,2023,1,1,6,4,2023-01
20230130,2023-01-30,2023,1,1,0,5,2023-01
20230131,2023-01-31,2023,1,1,1,5,2023-01
20230201,2023-02-01,2023,2,1,2,5,2023-02
20230202,2023-02-02,2023,2,1,3,5,2023-02
20230203,2023-02-03,2023,2,1,4,5,2023-02
20230204,2023-02-04,2023,2,1,5,5,2023-02
20230205,2023-02-05,2023,2,1,6,5,2023-02
20230206,2023-02-06,2023,2,1,0,6,2023-02
20230207,2023-02-07,2023,2,1,1,6,2023-02
20230208,2023-02-08,2023,2,1,2,6,2023-02
20230209,2023-02-09,2023,2,1,3,6,2023-02
20230210,2023-02-10,2023,2,1,4,6,2023-02
20230211,2023-02-11,2023,2,1,5,6,2023-02
20230212,2023-02-12,2023,2,1,6,6,2023-02
20230213,2023-02-13,2023,2,1,0,7,2023-02
20230214,2023-02-14,2023,2,1,1,7,2023-02
20230215,2023-02-15,2023,2,1,2,7,2023-02
20230216,2023-02-16,2023,2,1,3,7,2023-02
20230217,2023-02-17,2023,2,1,4,7,2023-02
20230218,2023-02-18,2023,2,1,5,7,2023-02
20230219,2023-02-19,2023,2,1,6,7,2023-02
20230220,2023-02-20,2023,2,1,0,8,2023-02
20230221,2023-02-21,2023,2,1,1,8,2023-02
20230222,2023-02-22,2023,2,1,2,8,2023-02
20230223,2023-02-23,2023,2,1,3,8,2023-02
20230224,2023-02-24,2023,2,1,4,8,2023-02
20230225,2023-02-25,2023,2,1,5,8,2023-02
20230226,2023-02-26,2023,2,1,6,8,2023-02
20230227,2023-02-27,2023,2,1,0,9,2023-02
20230228,2023-02-28,2023,2,1,1,9,2023-02
20230301,2023-03-01,2023,3,1,2,9,2023-03
20230302,2023-03-02,2023,3,1,3,9,2023-03
20230303,2023-03-03,2023,3,1,4,9,2023-03
20230304,2023-03-04,2023,3,1,5,9,2023-03
20230305,2023-03-05,2023,3,1,6,9,2023-03
20230306,2023-03-06,2023,3,1,0,10,2023-03
20230307,2023-03-07,2023,3,1,1,10,2023-03
20230308,2023-03-08,2023,3,1,2,10,2023-03
20230309,2023-03-09,2023,3,1,3,10,2023-03
20230310,2023-03-10,2023,3,1,4,10,2023-03
20230311,2023-03-11,2023,3,1,5,10,2023-03
20230312,2023-03-12,2023,3,1,6,10,2023-03
20230313,2023-03-13,2023,3,1,0,11,2023-03
20230314,2023-03-14,2023,3,1,1,11,2023-03
20230315,2023-03-15,2023,3,1,2,11,2023-03
20230316,2023-03-16,2023,3,1,3,11,2023-03
20230317,2023-03-17,2023,3,1,4,11,2023-03
20230318,2023-03-18,2023,3,1,5,11,2023-03
20230319,2023-03-19,2023,3,1,6,11,2023-03
20230320,2023-03-20,2023,3,1,0,12,2023-03
20230321,2023-03-21,2023,3,1,1,12,2023-03
20230322,2023-03-22,2023,3,1,2,12,2023-03
20230323,2023-03-23,2023,3,1,3,12,2023-03
20230324,2023-03-24,2023,3,1,4,12,2023-03
20230325,2023-03-25,2023,3,1,5,12,2023-03
20230326,2023-03-26,2023,3,1,6,12,2023-03
20230327,2023-03-27,2023,3,1,0,13,2023-03
20230328,2023-03-28,2023,3,1,1,13,2023-03
20230329,2023-03-29,2023,3,1,2,13,2023-03
20230330,2023-03-30,2023,3,1,3,13,2023-03
20230331,2023-03-31,2023,3,1,4,13,2023-03
20230401,2023-04-01,2023,4,2,5,13,2023-04
20230402,2023-04-02,2023,4,2,6,13,2023-04
20230403,2023-04-03,2023,4,2,0,14,2023-04
20230404,2023-04-04,2023,4,2,1,14,2023-04
20230405,2023-04-05,2023,4,2,2,14,2023-04
20230406,2023-04-06,2023,4,2,3,14,2023-04
20230407,2023-04-07,2023,4,2,4,14,2023-04
20230408,2023-04-08,2023,4,2,5,14,2023-04
20230409,2023-04-09,2023,4,2,6,14,2023-04
20230410,2023-04-10,2023,4,2,0,15,2023-04
20230411,2023-04-11,2023,4,2,1,15,2023-04
20230412,2023-04-12,2023,4,2,2,15,2023-04
20230413,2023-04-13,2023,4,2,3,15,2023-04
20230414,2023-04-14,2023,4,2,4,15,2023-04
20230415,2023-04-15,2023,4,2,5,15,2023-04
20230416,2023-04-16,2023,4,2,6,15,2023-04
20230417,2023-04-17,2023,4,2,0,16,2023-04
20230418,2023-04-18,2023,4,2,1,16,2023-04
20230419,2023-04-19,2023,4,2,2,16,2023-04
20230420,2023-04-20,2023,4,2,3,16,2023-04
20230421,2023-04-21,2023,4,2,4,16,2023-04
20230422,2023-04-22,2023,4,2,5,16,2023-04
20230423,2023-04-23,2023,4,2,6,16,2023-04
20230424,2023-04-24,2023,4,2,0,17,2023-04
20230425,2023-04-25,2023,4,2,1,17,2023-04
20230426,2023-04-26,2023,4,2,2,17,2023-04
20230427,2023-04-27,2023,4,2,3,17,2023-04
20230428,2023-04-28,2023,4,2,4,17,2023-04
20230429,2023-04-29,2023,4,2,5,17,2023-04
20230430,2023-04-30,2023,4,2,6,17,2023-04
20230501,2023-05-01,2023,5,2,0,18,2023-05
20230502,2023-05-02,2023,5,2,1,18,2023-05
20230503,2023-05-03,2023,5,2,2,18,2023-05
20230504,2023-05-04,2023,5,2,3,18,2023-05
20230505,2023-05-05,2023,5,2,4,18,2023-05
20230506,2023-05-06,2023,5,2,5,18,2023-05
20230507,2023-05-07,2023,5,2,6,18,2023-05
20230508,2023-05-08,2023,5,2,0,19,2023-05
20230509,2023-05-09,2023,5,2,1,19,2023-05
20230510,2023-05-10,2023,5,2,2,19,2023-05
20230511,2023-05-11,2023,5,2,3,19,2023-05
20230512,2023-05-12,2023,5,2,4,19,2023-05
20230513,2023-05-13,2023,5,2,5,19,2023-05
20230514,2023-05-14,2023,5,2,6,19,2023-05
20230515,2023-05-15,2023,5,2,0,20,2023-05
20230516,2023-05-16,2023,5,2,1,20,2023-05
20230517,2023-05-17,2023,5,2,2,20,2023-05
20230518,2023-05-18,2023,5,2,3,20,2023-05
20230519,2023-05-19,2023,5,2,4,20,2023-05
20230520,2023-05-20,2023,5,2,5,20,2023-05
20230521,2023-05-21,2023,5,2,6,20,2023-05
20230522,2023-05-22,2023,5,2,0,21,2023-05
20230523,2023-05-23,2023,5,2,1,21,2023-05
20230524,2023-05-24,2023,5,2,2,21,2023-05
20230525,2023-05-25,2023,5,2,3,21,2023-05
20230526,2023-05-26,2023,5,2,4,21,2023-05
20230527,2023-05-27,2023,5,2,5,21,2023-05
20230528,2023-05-28,2023,5,2,6,21,2023-05
20230529,2023-05-29,2023,5,2,0,22,2023-05
20230530,2023-05-30,2023,5,2,1,22,2023-05
20230531,2023-05-31,2023,5,2,2,22,2023-05
20230601,2023-06-01,2023,6,2,3,22,2023-06
20230602,2023-06-02,2023,6,2,4,22,2023-06
20230603,2023-06-03,2023,6,2,5,22,2023-06
20230604,2023-06-04,2023,6,2,6,22,2023-06
20230605,2023-06-05,2023,6,2,0,23,2023-06
20230606,2023-06-06,2023,6,2,1,23,2023-06
20230607,2023-06-07,2023,6,2,2,23,2023-06
20230608,2023-06-08,2023,6,2,3,23,2023-06
20230609,2023-06-09,2023,6,2,4,23,2023-06
20230610,2023-06-10,2023,6,2,5,23,2023-06
20230611,2023-06-11,2023,6,2,6,23,2023-06
20230612,2023-06-12,2023,6,2,0,24,2023-06
20230613,2023-06-13,2023,6,2,1,24,2023-06
20230614,2023-06-14,2023,6,2,2,24,2023-06
20230615,2023-06-15,2023,6,2,3,24,2023-06
20230616,2023-06-16,2023,6,2,4,24,2023-06
20230617,2023-06-17,2023,6,2,5,24,2023-06
20230618,2023-06-18,2023,6,2,6,24,2023-06
20230619,2023-06-19,2023,6,2,0,25,2023-06
20230620,2023-06-20,2023,6,2,1,25,2023-06
20230621,2023-06-21,2023,6,2,2,25,2023-06
20230622,2023-06-22,2023,6,2,3,25,2023-06
20230623,2023-06-23,2023,6,2,4,25,2023-06
20230624,2023-06-24,2023,6,2,5,25,2023-06
20230625,2023-06-25,2023,6,2,6,25,2023-06
20230626,2023-06-26,2023,6,2,0,26,2023-06
20230627,2023-06-27,2023,6,2,1,26,2023-06
20230628,2023-06-28,2023,6,2,2,26,2023-06
20230629,2023-06-29,2023,6,2,3,26,2023-06
20230630,2023-06-30,2023,6,2,4,26,2023-06
20230701,2023-07-01,2023,7,3,5,26,2023-07
20230702,2023-07-02,2023,7,3,6,26,2023-07
20230703,2023-07-03,2023,7,3,0,27,2023-07
20230704,2023-07-04,2023,7,3,1,27,2023-07
20230705,2023-07-05,2023,7,3,2,27,2023-07
20230706,2023-07-06,2023,7,3,3,27,2023-07
20230707,2023-07-07,2023,7,3,4,27,2023-07
20230708,2023-07-08,2023,7,3,5,27,2023-07
20230709,2023-07-09,2023,7,3,6,27,2023-07
20230710,2023-07-10,2023,7,3,0,28,2023-07
20230711,2023-07-11,2023,7,3,1,28,2023-07
20230712,2023-07-12,2023,7,3,2,28,2023-07
20230713,2023-07-13,2023,7,3,3,28,2023-07
20230714,2023-07-14,2023,7,3,4,28,2023-07
20230715,2023-07-15,2023,7,3,5,28,2023-07
20230716,2023-07-16,2023,7,3,6,28,2023-07
20230717,2023-07-17,2023,7,3,0,29,2023-07
20230718,2023-07-18,2023,7,3,1,29,2023-07
20230719,2023-07-19,2023,7,3,2,29,2023-07
20230720,2023-07-20,2023,7,3,3,29,2023-07
20230721,2023-07-21,2023,7,3,4,29,2023-07
20230722,2023-07-22,2023,7,3,5,29,2023-07
20230723,2023-07-23,2023,7,3,6,29,2023-07
20230724,2023-07-24,2023,7,3,0,30,2023-07
20230725,2023-07-25,2023,7,3,1,30,2023-07
20230726,2023-07-26,2023,7,3,2,30,2023-07
20230727,2023-07-27,2023,7,3,3,30,2023-07
20230728,2023-07-28,2023,7,3,4,30,2023-07
20230729,2023-07-29,2023,7,3,5,30,2023-07
20230730,2023-07-30,2023,7,3,6,30,2023-07
20230731,2023-07-31,2023,7,3,0,31,2023-07
20230801,2023-08-01,2023,8,3,1,31,2023-08
20230802,2023-08-02,2023,8,3,2,31,2023-08
20230803,2023-08-03,2023,8,3,3,31,2023-08
20230804,2023-08-04,2023,8,3,4,31,2023-08
20230805,2023-08-05,2023,8,3,5,31,2023-08
20230806,2023-08-06,2023,8,3,6,31,2023-08
20230807,2023-08-07,2023,8,3,0,32,2023-08
20230808,2023-08-08,2023,8,3,1,32,2023-08
20230809,2023-08-09,2023,8,3,2,32,2023-08
20230810,2023-08-10,2023,8,3,3,32,2023-08
20230811,2023-08-11,2023,8,3,4,32,2023-08
20230812,2023-08-12,2023,8,3,5,32,2023-08
20230813,2023-08-13,2023,8,3,6,32,2023-08
20230814,2023-08-14,2023,8,3,0,33,2023-08
20230815,2023-08-15,2023,8,3,1,33,2023-08
20230816,2023-08-16,2023,8,3,2,33,2023-08
20230817,2023-08-17,2023,8,3,3,33,2023-08
20230818,2023-08-18,2023,8,3,4,33,2023-08
20230819,2023-08-19,2023,8,3,5,33,2023-08
20230820,2023-08-20,2023,8,3,6,33,2023-08
20230821,2023-08-21,2023,8,3,0,34,2023-08
20230822,2023-08-22,2023,8,3,1,34,2023-08
20230823,2023-08-23,2023,8,3,2,34,2023-08
20230824,2023-08-24,2023,8,3,3,34,2023-08
20230825,2023-08-25,2023,8,3,4,34,2023-08
20230826,2023-08-26,2023,8,3,5,34,2023-08
20230827,2023-08-27,2023,8,3,6,34,2023-08
20230828,2023-08-28,2023,8,3,0,35,2023-08
20230829,2023-08-29,2023,8,3,1,35,2023-08
20230830,2023-08-30,2023,8,3,2,35,2023-08
20230831,2023-08-31,2023,8,3,3,35,2023-08
20230901,2023-09-01,2023,9,3,4,35,2023-09
20230902,2023-09-02,2023,9,3,5,35,2023-09
20230903,2023-09-03,2023,9,3,6,35,2023-09
20230904,2023-09-04,2023,9,3,0,36,2023-09
20230905,2023-09-05,2023,9,3,1,36,2023-09
20230906,2023-09-06,2023,9,3,2,36,2023-09
20230907,2023-09-07,2023,9,3,3,36,2023-09
20230908,2023-09-08,2023,9,3,4,36,2023-09
20230909,2023-09-09,2023,9,3,5,36,2023-09
20230910,2023-09-10,2023,9,3,6,36,2023-09
20230911,2023-09-11,2023,9,3,0,37,2023-09
20230912,2023-09-12,2023,9,3,1,37,2023-09
20230913,2023-09-13,2023,9,3,2,37,2023-09
20230914,2023-09-14,2023,9,3,3,37,2023-09
20230915,2023-09-15,2023,9,3,4,37,2023-09
20230916,2023-09-16,2023,9,3,5,37,2023-09
20230917,2023-09-17,2023,9,3,6,37,2023-09
20230918,2023-09-18,2023,9,3,0,38,2023-09
20230919,2023-09-19,2023,9,3,1,38,2023-09
20230920,2023-09-20,2023,9,3,2,38,2023-09
20230921,2023-09-21,2023,9,3,3,38,2023-09
20230922,2023-09-22,2023,9,3,4,38,2023-09
20230923,2023-09-23,2023,9,3,5,38,2023-09
20230924,2023-09-24,2023,9,3,6,38,2023-09
20230925,2023-09-25,2023,9,3,0,39,2023-09
20230926,2023-09-26,2023,9,3,1,39,2023-09
20230927,2023-09-27,2023,9,3,2,39,2023-09
20230928,2023-09-28,2023,9,3,3,39,2023-09
20230929,2023-09-29,2023,9,3,4,39,2023-09
20230930,2023-09-30,2023,9,3,5,39,2023-09
20231001,2023-10-01,2023,10,4,6,39,2023-10
20231002,2023-10-02,2023,10,4,0,40,2023-10
20231003,2023-10-03,2023,10,4,1,40,2023-10
20231004,2023-10-04,2023,10,4,2,40,2023-10
20231005,2023-10-05,2023,10,4,3,40,2023-10
20231006,2023-10-06,2023,10,4,4,40,2023-10
20231007,2023-10-07,2023,10,4,5,40,2023-10
20231008,2023-10-08,2023,10,4,6,40,2023-10
20231009,2023-10-09,2023,10,4,0,41,2023-10
20231010,2023-10-10,2023,10,4,1,41,2023-10
20231011,2023-10-11,2023,10,4,2,41,2023-10
20231012,2023-10-12,2023,10,4,3,41,2023-10
20231013,2023-10-13,2023,10,4,4,41,2023-10
20231014,2023-10-14,2023,10,4,5,41,2023-10
20231015,2023-10-15,2023,10,4,6,41,2023-10
20231016,2023-10-16,2023,10,4,0,42,2023-10
20231017,2023-10-17,2023,10,4,1,42,2023-10
20231018,2023-10-18,2023,10,4,2,42,2023-10
20231019,2023-10-19,2023,10,4,3,42,2023-10
20231020,2023-10-20,2023,10,4,4,42,2023-10
20231021,2023-10-21,2023,10,4,5,42,2023-10
20231022,2023-10-22,2023,10,4,6,42,2023-10
20231023,2023-10-23,2023,10,4,0,43,2023-10
20231024,2023-10-24,2023,10,4,1,43,2023-10
20231025,2023-10-25,2023,10,4,2,43,2023-10
20231026,2023-10-26,2023,10,4,3,43,2023-10
20231027,2023-10-27,2023,10,4,4,43,2023-10
20231028,2023-10-28,2023,10,4,5,43,2023-10
20231029,2023-10-29,2023,10,4,6,43,2023-10
20231030,2023-10-30,2023,10,4,0,44,2023-10
20231031,2023-10-31,2023,10,4,1,44,2023-10
20231101,2023-11-01,2023,11,4,2,44,2023-11
20231102,2023-11-02,2023,11,4,3,44,2023-11
20231103,2023-11-03,2023,11,4,4,44,2023-11
20231104,2023-11-04,2023,11,4,5,44,2023-11
20231105,2023-11-05,2023,11,4,6,44,2023-11
20231106,2023-11-06,2023,11,4,0,45,2023-11
20231107,2023-11-07,2023,11,4,1,45,2023-11
20231108,2023-11-08,2023,11,4,2,45,2023-11
20231109,2023-11-09,2023,11,4,3,45,2023-11
20231110,2023-11-10,2023,11,4,4,45,2023-11
20231111,2023-11-11,2023,11,4,5,45,2023-11
20231112,2023-11-12,2023,11,4,6,45,2023-11
20231113,2023-11-13,2023,11,4,0,46,2023-11
20231114,2023-11-14,2023,11,4,1,46,2023-11
20231115,2023-11-15,2023,11,4,2,46,2023-11
20231116,2023-11-16,2023,11,4,3,46,2023-11
20231117,2023-11-17,2023,11,4,4,46,2023-11
20231118,2023-11-18,2023,11,4,5,46,2023-11
20231119,2023-11-19,2023,11,4,6,46,2023-11
20231120,2023-11-20,2023,11,4,0,47,2023-11
20231121,2023-11-21,2023,11,4,1,47,2023-11
20231122,2023-11-22,2023,11,4,2,47,2023-11
20231123,2023-11-23,2023,11,4,3,47,2023-11
20231124,2023-11-24,2023,11,4,4,47,2023-11
20231125,2023-11-25,2023,11,4,5,47,2023-11
20231126,2023-11-26,2023,11,4,6,47,2023-11
20231127,2023-11-27,2023,11,4,0,48,2023-11
20231128,2023-11-28,2023,11,4,1,48,2023-11
20231129,2023-11-29,2023,11,4,2,48,2023-11
20231130,2023-11-30,2023,11,4,3,48,2023-11
20231201,2023-12-01,2023,12,4,4,48,2023-12
20231202,2023-12-02,2023,12,4,5,48,2023-12
20231203,2023-12-03,2023,12,4,6,48,2023-12
20231204,2023-12-04,2023,12,4,0,49,2023-12
20231205,2023-12-05,2023,12,4,1,49,2023-12
20231206,2023-12-06,2023,12,4,2,49,2023-12
20231207,2023-12-07,2023,12,4,3,49,2023-12
20231208,2023-12-08,2023,12,4,4,49,2023-12
20231209,2023-12-09,2023,12,4,5,49,2023-12
20231210,2023-12-10,2023,12,4,6,49,2023-12
20231211,2023-12-11,2023,12,4,0,50,2023-12
20231212,2023-12-12,2023,12,4,1,50,2023-12
20231213,2023-12-13,2023,12,4,2,50,2023-12
20231214,2023-12-14,2023,12,4,3,50,2023-12
20231215,2023-12-15,2023,12,4,4,50,2023-12
20231216,2023-12-16,2023,12,4,5,50,2023-12
20231217,2023-12-17,2023,12,4,6,50,2023-12
20231218,2023-12-18,2023,12,4,0,51,2023-12
20231219,2023-12-19,2023,12,4,1,51,2023-12
20231220,2023-12-20,2023,12,4,2,51,2023-12
20231221,2023-12-21,2023,12,4,3,51,2023-12
20231222,2023-12-22,2023,12,4,4,51,2023-12
20231223,2023-12-23,2023,12,4,5,51,2023-12
20231224,2023-12-24,2023,12,4,6,51,2023-12
20231225,2023-12-25,2023,12,4,0,52,2023-12
20231226,2023-12-26,2023,12,4,1,52,2023-12
20231227,2023-12-27,2023,12,4,2,52,2023-12
20231228,2023-12-28,2023,12,4,3,52,2023-12
20231229,2023-12-29,2023,12,4,4,52,2023-12
20231230,2023-12-30,2023,12,4,5,52,2023-12
20231231,2023-12-31,2023,12,4,6,52,2023-12
20240101,2024-01-01,2024,1,1,0,1,2024-01
20240102,2024-01-02,2024,1,1,1,1,2024-01
20240103,2024-01-03,2024,1,1,2,1,2024-01
20240104,2024-01-04,2024,1,1,3,1,2024-01
20240105,2024-01-05,2024,1,1,4,1,2024-01
20240106,2024-01-06,2024,1,1,5,1,2024-01
20240107,2024-01-07,2024,1,1,6,1,2024-01
20240108,2024-01-08,2024,1,1,0,2,2024-01
20240109,2024-01-09,2024,1,1,1,2,2024-01
20240110,2024-01-10,2024,1,1,2,2,2024-01
20240111,2024-01-11,2024,1,1,3,2,2024-01
20240112,2024-01-12,2024,1,1,4,2,2024-01
20240113,2024-01-13,2024,1,1,5,2,2024-01
20240114,2024-01-14,2024,1,1,6,2,2024-01
20240115,2024-01-15,2024,1,1,0,3,2024-01
20240116,2024-01-16,2024,1,1,1,3,2024-01
20240117,2024-01-17,2024,1,1,2,3,2024-01
