department,category,price_band,gmv_all_status,revenue,gross_profit,total_items,recognized_items,returned_items,cancelled_value,return_value,processing_backlog_value,avg_sale_price,status_leakage_value,gross_margin_pct,return_rate_pct,status_leakage_pct,cancel_value_share_pct,price_band_action
Men,Jeans,$100-200,337112.45973205566,191104.0598678589,89461.31261061445,2153,1213,217,52168.31995391846,33222.509925842285,60617.569984436035,156.57801195172115,146008.39986419678,46.8,10.1,43.3,15.5,Maintain / monitor
Men,Outerwear & Coats,$200+,327973.25007629395,190717.52996826172,106746.4829997234,860,494,78,45158.07002258301,31706.75001525879,60390.90007019043,381.3642442747604,137255.72010803223,56.0,9.1,41.8,13.8,Maintain / monitor
Men,Outerwear & Coats,$100-200,272229.06998443604,143532.86990356445,80099.92174443373,1903,1003,222,44186.70002746582,31641.29009246826,52868.2099609375,143.05258538330847,128696.20008087158,55.8,11.7,47.3,16.2,Improve fit/size confidence
Men,Suits & Sport Coats,$200+,254623.75932312012,139164.2296447754,82836.05755216385,864,468,95,35709.46990966797,27963.7899017334,51786.26986694336,294.7034251425001,115459.52967834473,59.5,11.0,45.3,14.0,Improve fit/size confidence
Women,Jeans,$100-200,231038.04026794434,130094.87017059326,59896.73203327821,1513,849,146,33912.23000335693,21716.630012512207,45314.31008148193,152.70194333638094,100943.17009735107,46.0,9.6,43.7,14.7,Maintain / monitor
Women,Outerwear & Coats,$200+,195746.35983276367,111222.6999206543,60690.18096698697,544,313,46,26757.220001220703,18032.669998168945,39733.76991271973,359.8278673396391,84523.65991210938,54.6,8.5,43.2,13.7,Maintain / monitor
Men,Suits & Sport Coats,$100-200,195973.85192871094,107540.76098632812,64400.355998842744,1300,714,135,27194.280250549316,20263.960258483887,40974.85043334961,150.74911686823918,88433.09094238281,59.9,10.4,45.1,13.9,Maintain / monitor
Men,Fashion Hoodies & Sweatshirts,$50-100,191579.85962295532,104112.39979553223,46741.923377224026,2853,1558,290,29262.579956054688,19808.939960479736,38395.93991088867,67.15031883033835,87467.4598274231,44.9,10.2,45.7,15.3,Review pricing or supplier cost
Men,Pants,$50-100,181049.29959487915,103891.45972824097,56223.670664210964,2635,1509,267,25628.439975738525,18500.909957885742,33028.489933013916,68.70941161095983,77157.83986663818,54.1,10.1,42.6,14.2,Maintain / monitor
Men,Jeans,$50-100,184888.03956985474,103715.78977203369,48493.12579773993,2508,1415,227,28296.959980010986,16560.98992919922,36314.29988861084,73.71931402306808,81172.24979782104,46.8,9.1,43.9,15.3,Maintain / monitor
Men,Sweaters,$50-100,176856.96905136108,99271.32947540283,49696.588358761896,2422,1357,236,25630.879859924316,17550.089893341064,34404.66982269287,73.02104419957105,77585.63957595825,50.1,9.7,43.9,14.5,Maintain / monitor
Men,Sweaters,$100-200,173941.74003601074,98103.29010772705,49115.086121017266,1263,712,119,24918.890007019043,16499.749961853027,34419.80995941162,137.72109266509165,75838.44992828369,50.1,9.4,43.6,14.3,Maintain / monitor
Women,Intimates,$25-50,168527.84110069275,92913.98058128357,43532.51525584188,4736,2616,464,25470.61016845703,16427.610092163086,33715.64025878906,35.584425908085464,75613.86051940918,46.9,9.8,44.9,15.1,Maintain / monitor
Women,Outerwear & Coats,$100-200,160899.60028076172,91458.7102355957,50330.93813656228,1152,650,111,21854.400032043457,15402.640022277832,32183.849990844727,139.66979191038342,69440.89004516602,55.0,9.6,43.2,13.6,Maintain / monitor
Men,Swim,$50-100,160550.72994995117,86685.78997421265,34580.67329351057,2548,1371,257,24605.870014190674,16269.129978179932,32989.93998336792,63.01049056120532,73864.93997573853,39.9,10.1,46.0,15.3,Review pricing or supplier cost
Women,Dresses,$100-200,138564.6404800415,76765.13027191162,42200.43165348451,989,546,95,20277.140075683594,13332.87003326416,28189.50009918213,140.10580432764561,61799.51020812988,55.0,9.6,44.6,14.6,Maintain / monitor
Men,Jeans,$200+,141456.5301361084,74812.70008850098,34826.92245239618,555,294,58,20678.589965820312,15304.690017700195,30660.550064086914,254.876630875871,66643.83004760742,46.6,10.5,47.1,14.6,Leakage reduction priority
Women,Intimates,$50-100,131712.03985214233,74045.65990447998,34669.27490930706,1987,1113,206,18024.739978790283,13352.550003051758,26289.089965820312,66.2868846764682,57666.37994766235,46.8,10.4,43.8,13.7,Maintain / monitor
Men,Tops & Tees,$25-50,129329.46119880676,70905.70061683655,31288.31190345148,3643,2011,355,19412.100200653076,12705.280139923096,26306.380241394043,35.5008128462275,58423.760581970215,44.1,9.7,45.2,15.0,Review pricing or supplier cost
Men,Outerwear & Coats,$50-100,128665.25885772705,70035.25936126709,39175.964500720285,1660,905,183,18971.99984741211,14148.679859161377,25509.319789886475,77.5091920829681,58629.99949645996,55.9,11.0,45.6,14.7,Improve fit/size confidence
Men,Shorts,$25-50,121069.73075866699,69034.30046463013,34537.5258039065,3181,1815,297,17207.3500995636,11255.750074386597,23572.33012008667,38.06027373739924,52035.430294036865,50.0,9.3,43.0,14.2,Maintain / monitor
Men,Suits & Sport Coats,$50-100,124870.18777465819,68748.31879043579,41331.85209530525,1534,848,173,17871.37967300415,14004.19974517822,24246.289566040035,81.40168694567026,56121.8689842224,60.1,11.3,44.9,14.3,Improve fit/size confidence
Women,Swim,$50-100,120700.43944168091,66013.50966262817,38021.165503583135,1704,934,170,18247.71990585327,11930.9299659729,24508.279907226562,70.83359122164373,54686.929779052734,57.6,10.0,45.3,15.1,Maintain / monitor
Women,Dresses,$200+,117908.59982299805,65766.3498840332,36146.59787233462,365,200,39,17684.269989013672,12506.379974365234,21951.599975585938,323.0372597890358,52142.249938964844,55.0,10.7,44.2,15.0,Maintain / monitor
Men,Shorts,$50-100,117499.08023834229,62252.46013259888,31129.054885386166,1885,1002,189,18272.450038909912,12029.240005493164,24944.930061340332,62.333729569412355,55246.62010574341,50.0,10.0,47.0,15.6,Leakage reduction priority
Women,Dresses,$50-100,111209.38977432251,61845.839878082275,33974.18362570738,1445,803,150,15510.11996459961,11557.159984588623,22296.269947052002,76.96151541475606,49363.549896240234,54.9,10.4,44.4,13.9,Maintain / monitor
Men,Underwear,$25-50,107967.79035758972,60411.090198516846,32085.14043409997,3570,2005,362,15406.540044784546,11157.170030593872,20992.990083694458,30.243078531537737,47556.700159072876,53.1,10.1,44.0,14.3,Maintain / monitor
Women,Blazers & Jackets,$100-200,100646.81018066406,59325.16014099121,36740.07598967583,680,397,60,14549.540031433105,8593.980018615723,18178.129989624023,148.0100149715648,41321.65003967285,61.9,8.8,41.1,14.5,Maintain / monitor
Women,Jeans,$50-100,108713.93993377686,58859.82995605469,26997.86984601354,1426,772,139,16552.639987945557,10400.699993133545,22900.769996643066,76.23698452579022,49854.10997772217,45.9,9.7,45.9,15.2,Maintain / monitor
Women,Fashion Hoodies & Sweatshirts,$50-100,108622.96981430054,58712.53989028931,31033.789544755295,1607,873,164,16211.51997756958,11336.489971160889,22362.41997528076,67.59363398525235,49910.42992401123,52.9,10.2,45.9,14.9,Maintain / monitor
Men,Sleep & Lounge,$25-50,102436.72079658508,58013.410484313965,34841.2798558783,2936,1664,276,13849.010103225708,9644.480087280273,20929.820121765137,34.88989127949083,44423.31031227112,60.1,9.4,43.4,13.5,Maintain / monitor
Men,Swim,$25-50,103311.93075561523,57468.97039794922,23017.60723142014,2727,1519,257,15864.170135498047,9930.57007598877,20048.2201461792,37.884829760034926,45842.960357666016,40.1,9.4,44.4,15.4,Review pricing or supplier cost
Men,Fashion Hoodies & Sweatshirts,$25-50,100401.14087486267,57050.24051094055,25754.45503058631,2507,1421,236,13762.78010559082,9382.680093765259,20205.44016456604,40.04832105100226,43350.90036392212,45.1,9.4,43.2,13.7,Maintain / monitor
Women,Sweaters,$50-100,104104.8694229126,56312.8896484375,31169.35141934578,1381,743,151,15126.019939422607,10966.379959106445,21699.579875946045,75.38368531709818,47791.9797744751,55.4,10.9,45.9,14.5,Maintain / monitor
Men,Pants,$25-50,102212.3121509552,55412.29112815857,29909.32658094445,2643,1438,287,15098.670322418213,11118.360258102417,20582.990442276,38.67283849828044,46800.02102279663,54.0,10.9,45.8,14.8,Maintain / monitor
Women,Maternity,$50-100,98266.06955718994,52910.78974914551,29532.43408532497,1399,757,150,14046.369960784912,10730.459957122803,20578.44989013672,70.24022127032876,45355.27980804443,55.8,10.7,46.2,14.3,Maintain / monitor
Women,Swim,$100-200,99572.49996948242,52789.97998046875,30472.70558718638,713,376,76,15521.16000366211,10741.749992370605,20519.609992980957,139.6528751325139,46782.51998901367,57.7,10.7,47.0,15.6,Leakage reduction priority
Men,Pants,$100-200,100363.7197265625,52370.21981048584,28327.572541370577,712,371,93,15469.579963684082,12797.959968566895,19725.959983825684,140.96028051483498,47993.49991607666,54.1,13.1,47.8,15.4,Improve fit/size confidence
Men,Sleep & Lounge,$50-100,90933.85975265503,50163.23988342285,30094.235838901917,1292,708,131,14496.99995803833,9079.719951629639,17193.89995956421,70.38224439059987,40770.61986923218,60.0,10.1,44.8,15.9,Maintain / monitor
Women,Sleep & Lounge,$50-100,84897.11982345581,49282.29988479614,19568.686526633952,1182,681,100,12662.409969329834,7224.489994049072,15727.919975280762,71.82497446992878,35614.81993865967,39.7,8.5,42.0,14.9,Review pricing or supplier cost
Women,Sweaters,$100-200,81352.57997894287,45839.80002593994,25036.102147839814,580,329,61,11607.929985046387,8643.009994506836,15261.839973449707,140.26306892921184,35512.77995300293,54.6,10.5,43.7,14.3,Maintain / monitor
Women,Intimates,<$25,85154.09971475601,45742.92983055115,21519.227221190427,5481,2963,576,13286.529968738556,9256.78997683525,16867.849938631058,15.536234211778146,39411.169884204865,47.0,10.5,46.3,15.6,Maintain / monitor
Women,Blazers & Jackets,$200+,88388.96029663086,45423.04014587402,28489.430481376396,300,152,30,15983.930053710938,8725.070037841797,18256.9200592041,294.6298676554362,42965.920150756836,62.7,10.0,48.6,18.1,Diagnose cancellation friction
Women,Fashion Hoodies & Sweatshirts,$25-50,79573.35087776184,44282.12053108215,23457.520869960514,2109,1160,231,11667.2301197052,8499.710084915161,15124.290142059326,37.73037025972586,35291.23034667969,53.0,11.0,44.4,14.7,Improve fit/size confidence
Women,Suits,$100-200,83367.19998931885,44083.27001953125,17454.940786193667,591,316,72,10941.050048828125,10099.06999206543,18243.809928894043,141.0612520969862,39283.9299697876,39.6,12.2,47.1,13.1,Improve fit/size confidence
Men,Accessories,$100-200,75862.43984985352,43740.46991729736,26311.71955476473,552,319,52,10776.559982299805,7168.300003051758,14177.10994720459,137.43195624973464,32121.969932556152,60.2,9.4,42.3,14.2,Maintain / monitor
Men,Tops & Tees,$50-100,77575.85984802246,43594.71989059448,19112.7365164204,1168,657,108,12299.27997970581,7023.089984893799,14658.76999282837,66.41768822604662,33981.13995742798,43.8,9.2,43.8,15.9,Review pricing or supplier cost
Men,Sweaters,$25-50,79193.13111877441,41547.76061248779,20727.342803135387,2106,1107,225,12275.800176620483,8434.250101089478,16935.32022857666,37.603576029807414,37645.37050628662,49.9,10.7,47.5,15.5,Leakage reduction priority
Men,Active,$50-100,76867.0997581482,40683.27987289429,23626.850273216376,1144,609,130,11443.019947052002,9006.319999694824,15734.47993850708,67.19152076761206,36183.819885253906,58.1,11.4,47.1,14.9,Improve fit/size confidence
Men,Jeans,$25-50,73214.1109752655,39971.67053413391,18754.301118060866,1836,993,178,11316.33013343811,7034.990104675293,14891.120203018188,39.87696676212718,33242.44044113159,46.9,9.7,45.4,15.5,Maintain / monitor
Women,Outerwear & Coats,$50-100,69095.25957107544,39821.739780426025,21994.340248816956,908,524,76,9705.439918518066,5890.6499671936035,13677.429904937744,76.09610084920203,29273.519790649414,55.2,8.4,42.4,14.0,Maintain / monitor
Women,Maternity,$25-50,72063.2500076294,38391.090019226074,21411.630311815246,2007,1070,200,10399.3899974823,7203.670000076294,16069.099990844727,35.90595416423986,33672.15998840332,55.8,10.0,46.7,14.4,Maintain / monitor
Women,Shorts,$25-50,69947.64050865173,38312.610275268555,19113.54912655716,2010,1096,213,10580.450073242188,7314.95006942749,13739.630090713501,34.79982114858295,31635.03023338318,49.9,10.6,45.2,15.1,Maintain / monitor
Men,Active,$25-50,68677.63044929504,37719.5102558136,21950.020551049885,1982,1080,199,9834.610061645508,6877.550048828125,14245.960083007812,34.6506712660419,30958.120193481445,58.2,10.0,45.1,14.3,Maintain / monitor
Men,Socks,<$25,67980.56984615326,37447.519917964935,14960.567443306982,4724,2599,461,10270.05997633934,6573.0199818611145,13689.96996998787,14.39046779131102,30533.049928188324,40.0,9.8,44.9,15.1,Review pricing or supplier cost
Women,Sleep & Lounge,$25-50,66939.39058685303,36104.30033111572,14409.14600858969,1930,1047,188,9792.870077133179,6514.920063018799,14527.300115585327,34.68362206572696,30835.090255737305,39.9,9.7,46.1,14.6,Review pricing or supplier cost
Women,Swim,$25-50,64540.23090362549,34974.23045921326,20312.121142111617,1738,946,186,8698.980131149292,6880.76008605957,13986.26022720337,37.13477037032537,29566.00044441223,58.1,10.7,45.8,13.5,Maintain / monitor
Women,Accessories,$100-200,57275.32007598877,32683.860054016113,19447.462794428528,418,242,40,7281.92000579834,5477.260009765625,11832.280006408691,137.02229683250903,24591.460021972656,59.5,9.6,42.9,12.7,Maintain / monitor
Men,Underwear,<$25,58855.68989944458,31823.229935646057,16845.610434672926,3146,1707,337,9181.599984645844,6272.779990196228,11578.079988956451,18.708102320230317,27032.459963798523,52.9,10.7,45.9,15.6,Maintain / monitor
Men,Sweaters,$200+,54223.72010803223,31444.13006591797,15605.004812653642,195,113,18,7597.930023193359,4801.900009155273,10379.760009765625,278.0703595283704,22779.590042114258,49.6,9.2,42.0,14.0,Maintain / monitor
Women,Pants & Capris,$25-50,54723.97068786621,30741.18040084839,14461.710849696576,1528,857,146,7548.920070648193,5082.220052719116,11351.650163650513,35.814116942320815,23982.790287017822,47.0,9.6,43.8,13.8,Maintain / monitor
Women,Active,$50-100,52203.30004119873,30393.740032196045,17693.453826468613,772,449,74,8556.810012817383,5205.790004730225,8046.959991455078,67.62085497564603,21809.560009002686,58.2,9.6,41.8,16.4,Diagnose cancellation friction
Women,Tops & Tees,$50-100,55556.38994216919,29534.07998275757,13093.900173492812,794,424,80,7926.619987487793,5605.60998916626,12490.079982757568,69.97026441079242,26022.30995941162,44.3,10.1,46.8,14.3,Review pricing or supplier cost
Women,Shorts,$50-100,55647.13014602661,29010.77006149292,14420.302664191526,820,429,90,7765.090030670166,5956.030017852783,12915.240036010742,67.86235383661781,26636.36008453369,49.7,11.0,47.9,14.0,Improve fit/size confidence
Women,Tops & Tees,$25-50,54683.28053474426,28892.79028892517,12705.87392288548,1585,843,176,7700.200077056885,6058.200048446655,12032.090120315552,34.50049245094275,25790.49024581909,44.0,11.1,47.2,14.1,Improve fit/size confidence
Women,Dresses,$25-50,51283.22100830078,28789.99059486389,15807.977426370328,1316,739,113,8083.740142822266,4414.000080108643,9995.490190505981,38.969012924240715,22493.23041343689,54.9,8.6,43.9,15.8,Maintain / monitor
Men,Fashion Hoodies & Sweatshirts,$100-200,52026.229751586914,28423.82982635498,12746.216800882316,394,213,29,7139.459976196289,3911.669990539551,12551.269958496094,132.04626840504292,23602.399925231934,44.8,7.4,45.4,13.7,Review pricing or supplier cost
Women,Jeans,$25-50,53121.48112487793,28169.590579986572,12933.975733028756,1401,746,142,8143.30019569397,5346.940114974976,11461.650234222412,37.9168316380285,24951.890544891357,45.9,10.1,47.0,15.3,Leakage reduction priority
Women,Active,$200+,53652.01005554199,28165.419998168945,16574.732806624048,118,63,12,6511.690017700195,5551.690017700195,13423.210021972656,454.6780513181525,25486.590057373047,58.8,10.2,47.5,12.1,Leakage reduction priority
Women,Active,$25-50,49322.220249176025,27997.670112609863,16141.389604035014,1403,796,149,6740.0500411987305,5336.900039672852,9247.60005569458,35.15482555180044,21324.550136566162,57.7,10.6,43.2,13.7,Maintain / monitor
Women,Pants & Capris,$50-100,51281.620014190674,27163.440017700195,12665.704060561855,729,390,88,7915.540012359619,6080.11999130249,10122.51999282837,70.34515776980888,24118.17999649048,46.6,12.1,47.0,15.4,Improve fit/size confidence
Women,Blazers & Jackets,$50-100,51751.37998962402,26691.890033721924,16500.072509399368,689,359,61,8498.399993896484,4557.2600021362305,12003.829959869385,75.11085629843835,25059.4899559021,61.8,8.9,48.4,16.4,Diagnose cancellation friction
Women,Maternity,$100-200,46862.09999084473,25691.63998413086,14506.384052254389,322,174,37,6184.5,5379.039993286133,9606.920013427734,145.5344720212569,21170.460006713867,56.5,11.5,45.2,13.2,Improve fit/size confidence
Women,Sweaters,$25-50,46224.290603637695,25200.380332946777,13857.825600169643,1204,661,108,7188.380115509033,4131.3800411224365,9704.150114059448,38.39226794322068,21023.910270690918,55.0,9.0,45.5,15.6,Maintain / monitor
Women,Sweaters,$200+,45243.28999328613,24533.759963989258,13637.59751949935,151,81,20,5046.670013427734,6048.260009765625,9614.600006103516,299.62443704163,20709.530029296875,55.6,13.2,45.8,11.2,Improve fit/size confidence
Men,Accessories,$50-100,42963.519943237305,23782.050003051758,14136.439266074121,595,328,50,6673.989990234375,3592.419990539551,8915.059959411621,72.20759654325597,19181.469940185547,59.4,8.4,44.6,15.5,Maintain / monitor
Women,Plus,$25-50,42951.450593948364,23266.870332717896,11634.559503909906,1207,651,122,6425.880086898804,4387.010061264038,8871.690113067627,35.58529460973352,19684.58026123047,50.0,10.1,45.8,15.0,Maintain / monitor
Men,Sleep & Lounge,$100-200,40359.36016845703,22873.110076904297,13631.84444384581,300,168,35,6273.9100341796875,4487.900032043457,6724.44002532959,134.53120056152343,17486.250091552734,59.6,11.7,43.3,15.5,Improve fit/size confidence
Men,Accessories,$25-50,42665.49022293091,22105.41010284424,13240.546874399139,1287,660,144,7263.660024642944,4655.170028686523,8641.250066757202,33.15111905433637,20560.08012008667,59.9,11.2,48.2,17.0,Improve fit/size confidence
Women,Socks & Hosiery,<$25,39337.3998606205,21849.729924201965,13088.090436272258,2930,1625,260,5986.509980678558,3532.819982290268,7968.339973449707,13.425733740826109,17487.669936418533,59.9,8.9,44.5,15.2,Maintain / monitor
Men,Tops & Tees,$100-200,37896.91997528076,21713.39998626709,9558.491617386779,276,159,20,6811.31999206543,2944.9000091552734,6427.299987792969,137.30768106985784,16183.519989013672,44.0,7.2,42.7,18.0,Diagnose cancellation friction
Men,Accessories,<$25,39430.51986980438,21642.799931526184,12952.89217971572,2647,1441,265,5845.429980278015,3906.079986333847,8036.209971666336,14.8963052020417,17787.7199382782,59.8,10.0,45.1,14.8,Maintain / monitor
Women,Accessories,$50-100,40455.699699401855,21389.759830474854,12845.850359550845,506,268,59,5961.219940185547,4918.949981689453,8185.769947052002,79.9519756905175,19065.939868927002,60.1,11.7,47.1,14.7,Improve fit/size confidence
Women,Plus,$50-100,39600.78982925415,21166.04991531372,10585.390842419634,536,287,58,6254.9899978637695,4503.929977416992,7675.819938659668,73.8820705769667,18434.73991394043,50.0,10.8,46.6,15.8,Maintain / monitor
Women,Pants & Capris,$100-200,36366.97998046875,19948.289993286133,9481.29583408087,270,147,32,6372.520004272461,4284.639984130859,5761.529998779297,134.69251844618054,16418.689987182617,47.5,11.9,45.1,17.5,Improve fit/size confidence
Men,Tops & Tees,<$25,35883.88006353378,19884.23003435135,8739.187181988802,1806,995,173,5477.540009498596,3414.6600165367126,7107.450003147125,19.869258063972193,15999.650029182434,44.0,9.6,44.6,15.3,Review pricing or supplier cost
Women,Skirts,$50-100,35366.58995819092,19232.5899810791,11532.815717487772,492,270,46,5632.6199951171875,3422.46000289917,7078.919979095459,71.88331292315227,16133.999977111816,60.0,9.3,45.6,15.9,Maintain / monitor
Women,Sleep & Lounge,$100-200,34881.1100769043,19085.310028076172,7627.933126432363,268,147,25,4679.470024108887,3245.6800079345703,7870.650016784668,130.1533958093444,15795.800048828125,40.0,9.3,45.3,13.4,Review pricing or supplier cost
Men,Active,$100-200,30596.350036621094,18392.200019836426,10658.863741960065,235,139,22,2630.5899963378906,2810.339988708496,6763.220031738281,130.19723419838763,12204.150016784668,58.0,9.4,39.9,8.6,Maintain / monitor
Men,Socks,$25-50,33726.910247802734,18157.950130462646,7168.614704528472,1071,577,102,5779.430044174194,3303.9500255584717,6485.580047607422,31.49104598300909,15568.960117340088,39.5,9.5,46.2,17.1,Diagnose cancellation friction
Women,Jeans,$200+,30562.0,18144.0,8279.851017547539,123,72,9,3980.0,2235.0,6203.0,248.47154471544715,12418.0,45.6,7.3,40.6,13.0,Maintain / monitor
Men,Active,$200+,33561.949951171875,17849.189987182617,10394.771085990775,69,34,8,6434.4599609375,2997.9300079345703,6280.3699951171875,486.4050717561141,15712.759963989258,58.2,11.6,46.8,19.2,Improve fit/size confidence
Women,Shorts,$100-200,30422.939971923828,17064.12998199463,8465.339347967389,203,113,34,4157.689987182617,5134.120002746582,4067.0,149.8666993690829,13358.8099899292,49.6,16.7,43.9,13.7,Improve fit/size confidence
Men,Sleep & Lounge,$200+,32740.290405273438,17051.86019897461,10247.341886570874,117,61,5,6214.980072021484,1614.9000244140625,7858.550109863281,279.831541925414,15688.430206298828,60.1,4.3,47.9,19.0,Diagnose cancellation friction
Women,Plus,$100-200,29485.090156555176,16937.910110473633,8362.076182558752,217,123,20,3867.710006713867,2683.5800170898438,5995.890022277832,135.87599150486255,12547.180046081543,49.4,9.2,42.6,13.1,Maintain / monitor
Men,Outerwear & Coats,$25-50,28674.610605239868,16640.570348739624,9297.487301460356,711,409,70,3700.7300720214844,2822.6600589752197,5510.65012550354,40.32997272185636,12034.040256500244,55.9,9.8,42.0,12.9,Maintain / monitor
Women,Intimates,$100-200,28651.279930114746,16167.909965515137,7625.607340036267,243,139,20,3954.55997467041,2350.300003051758,6178.509986877441,117.90650177001953,12483.36996459961,47.2,8.2,43.6,13.8,Maintain / monitor
Women,Leggings,<$25,27968.20981168747,15509.479896068573,6200.300156005881,2037,1129,216,4264.469971179962,2772.9999766349792,5421.259967803955,13.730098091157323,12458.729915618896,40.0,10.6,44.5,15.2,Maintain / monitor
Men,Shorts,$100-200,28959.53997039795,15278.80997467041,7674.98150931131,227,119,27,4871.939994812012,3285.970001220703,5522.819999694824,127.57506594888964,13680.729995727539,50.2,11.9,47.2,16.8,Improve fit/size confidence
Women,Accessories,<$25,28608.04978966713,15230.819888710976,9165.682496366446,2168,1157,203,4871.529963374138,2685.8499801158905,5819.8499574661255,13.195594921433178,13377.229900956154,60.2,9.4,46.8,17.0,Diagnose cancellation friction
Women,Plus,<$25,26634.079855561256,14796.139919519424,7369.499851188674,1994,1103,202,3678.149971961975,2838.2699871063232,5321.519976973534,13.357111261565324,11837.939936041832,49.8,10.1,44.4,13.8,Maintain / monitor
Women,Accessories,$25-50,26031.350257873535,14346.570135116577,8538.573182972517,755,414,66,4239.200048446655,2274.5500354766846,5171.030038833618,34.47860961307753,11684.780122756958,59.5,8.7,44.9,16.3,Diagnose cancellation friction
Men,Suits & Sport Coats,$25-50,25448.55033493042,14091.130184173584,8455.531961101773,643,360,51,4115.3000564575195,1993.7400207519531,5248.380073547363,39.57783877905197,11357.420150756836,60.0,7.9,44.6,16.2,Diagnose cancellation friction
Women,Skirts,$25-50,24781.2403049469,13775.570177078247,8283.877516113836,690,382,60,3434.7400493621826,2223.070026397705,5347.860052108765,35.91484102166217,11005.670127868652,60.1,8.7,44.4,13.9,Maintain / monitor
Women,Tops & Tees,<$25,24774.22994160652,13595.289958715439,5985.447190665878,1559,855,152,3811.6599926948547,2451.529992580414,4915.749997615814,15.891103233872046,11178.939982891083,44.0,9.7,45.1,15.4,Maintain / monitor
Women,Pants & Capris,$200+,22350.40008544922,13286.800048828125,6578.454433863675,50,28,4,4871.200012207031,2326.2000122070312,1866.2000122070312,447.00800170898435,9063.600036621094,49.5,8.0,40.6,21.8,Diagnose cancellation friction
Women,Active,$100-200,24887.32991027832,12994.719955444336,7655.36624307104,189,99,26,3561.0899963378906,3431.3399963378906,4900.179962158203,131.67899423427681,11892.609954833984,58.9,13.8,47.8,14.3,Improve fit/size confidence
Men,Active,<$25,23126.229948997498,12557.399973869324,7222.084163892871,1373,745,135,3793.5699911117554,2276.4999923706055,4498.759991645813,16.84357607355972,10568.829975128174,57.5,9.8,45.7,16.4,Diagnose cancellation friction
Men,Sleep & Lounge,<$25,20407.039828300476,11764.759902954102,7089.5269287712135,1145,660,110,2646.1099758148193,1949.9099817276,4046.259967803955,17.822742208122687,8642.279925346375,60.3,9.6,42.3,13.0,Maintain / monitor
Women,Accessories,$200+,19825.390029907227,11515.190017700195,7005.95080041718,82,47,6,2844.250015258789,1445.3000030517578,4020.6499938964844,241.77304914521008,8310.200012207031,60.8,7.3,41.9,14.3,Maintain / monitor
Women,Fashion Hoodies & Sweatshirts,$100-200,20654.26985168457,11513.929916381836,6191.651318248994,165,92,18,3999.799980163574,2223.8799896240234,2916.6599655151367,125.17739304051254,9140.339935302734,53.8,10.9,44.3,19.4,Diagnose cancellation friction
Women,Active,<$25,19778.429899692535,11263.20993924141,6545.965105811943,1146,652,125,3000.75998711586,2194.869985818863,3319.589987516403,17.25866483393764,8515.219960451126,58.1,10.9,43.1,15.2,Maintain / monitor
Women,Leggings,$25-50,19273.280128479004,11236.390064239502,4472.532817494821,567,330,51,2282.0000171661377,1754.8500137329102,4000.040033340454,33.99167571160318,8036.890064239502,39.8,9.0,41.7,11.8,Maintain / monitor
Women,Shorts,<$25,20999.709906578064,11232.709943771362,5646.0465214962005,1320,705,157,3395.2699871063232,2514.669993877411,3857.0599818229675,15.908871141347019,9766.999962806702,50.3,11.9,46.5,16.2,Improve fit/size confidence
Men,Underwear,$50-100,17452.71999359131,11059.109981536865,5826.1881637988,285,177,26,1576.060001373291,1543.6600036621094,3273.890007019043,61.237614012601085,6393.610012054443,52.7,9.1,36.6,9.0,Maintain / monitor
Women,Suits,$50-100,20735.510082244873,10883.160037994385,4310.751287799545,261,138,27,3699.1500282287593,2153.7600021362305,3999.4400138854976,79.4463987825474,9852.350044250488,39.6,10.3,47.5,17.8,Diagnose cancellation friction
Women,Maternity,<$25,19498.22981119156,10598.649892807007,5893.748655307526,1031,562,101,3027.2699751853943,1943.099979877472,3929.209963321686,18.91195907972023,8899.579918384552,55.6,9.8,45.6,15.5,Maintain / monitor
Women,Plus,$200+,14949.069931030273,10188.56997680664,5181.281516595674,39,24,2,2271.929977416992,528.989990234375,1959.5799865722656,383.30948541103265,4760.499954223633,50.9,5.1,31.8,15.2,Maintain / monitor
Men,Swim,$100-200,18132.090072631836,10016.320045471191,4026.4784832370187,137,77,15,1753.270004272461,1868.3899993896484,4494.110023498535,132.3510224279696,8115.7700271606445,40.2,10.9,44.8,9.7,Maintain / monitor
Women,Leggings,$50-100,18090.599994659424,9934.98000717163,3991.304117417348,261,143,17,2463.6900062561035,1154.75,4537.179981231689,69.31264365769894,8155.619987487793,40.2,6.5,45.1,13.6,Maintain / monitor
Women,Tops & Tees,$100-200,18671.630027770996,9922.389999389648,4333.624182427758,130,67,9,3233.810012817383,1226.1900024414062,4289.240013122559,143.62792329054614,8749.240028381348,43.7,6.9,46.9,17.3,Diagnose cancellation friction
Women,Sleep & Lounge,<$25,17268.099854707718,9343.37992143631,3748.129044155225,980,530,97,2548.1799767017365,1752.479986190796,3624.0599703788757,17.6205100558242,7924.719933271408,40.1,9.9,45.9,14.8,Maintain / monitor
Women,Skirts,$200+,15148.0,9120.0,5498.999015986919,43,23,5,1283.0,1692.0,3053.0,352.27906976744185,6028.0,60.3,11.6,39.8,8.5,Improve fit/size confidence
Women,Skirts,$100-200,20187.620010375977,9062.05997467041,5486.918968458837,138,61,22,3351.800018310547,3226.290008544922,4547.470008850098,146.2871015244636,11125.560035705566,60.5,15.9,55.1,16.6,Improve fit/size confidence
Men,Fashion Hoodies & Sweatshirts,$200+,15808.819747924805,8860.139892578125,3869.6785477490066,42,23,3,2514.3199462890625,1415.3299865722656,3019.0299224853516,376.4004701886858,6948.67985534668,43.7,7.1,44.0,15.9,Maintain / monitor
Women,Blazers & Jackets,$25-50,15187.560134887695,8708.9400806427,5349.017055753369,403,232,32,2195.7900161743164,1187.8900184631348,3094.940019607544,37.686253436445895,6478.620054244995,61.4,7.9,42.7,14.5,Maintain / monitor
Women,Outerwear & Coats,$25-50,16211.440246582031,8689.840131759644,4790.220989769895,428,229,40,2674.720048904419,1461.4900207519531,3385.3900451660156,37.877196837808484,7521.600114822388,55.1,9.3,46.4,16.5,Diagnose cancellation friction
Women,Socks & Hosiery,$25-50,15779.070079803467,8422.16004371643,5040.4958881313,529,284,54,2322.380006790161,1605.3900089263916,3429.1400203704834,29.828109791688973,7356.910036087036,59.8,10.2,46.6,14.7,Maintain / monitor
Women,Fashion Hoodies & Sweatshirts,<$25,15465.379976272583,8284.689986228943,4401.373997797732,837,445,108,2378.2599964141846,2018.8999967575073,2783.5299968719482,18.47715648300189,7180.68999004364,53.1,12.9,46.4,15.4,Improve fit/size confidence
Men,Accessories,$200+,16335.800048828125,8224.350036621094,4887.544486180949,70,35,7,3879.4500122070312,1617.0,2615.0,233.36857212611608,8111.450012207031,59.4,10.0,49.7,23.7,Diagnose cancellation friction
Women,Blazers & Jackets,<$25,13209.48002243042,7474.7900133132935,4634.182988699599,909,512,85,1909.2400069236755,1244.0799980163574,2581.3700041770935,14.531881212794742,5734.6900091171265,62.0,9.4,43.4,14.5,Maintain / monitor
Men,Shorts,$200+,20346.0,7416.0,3653.4720016373317,22,8,4,4707.0,3612.0,4611.0,924.8181818181819,12930.0,49.3,18.2,63.6,23.1,Improve fit/size confidence
Men,Pants,<$25,13469.199921607971,7277.039954185486,3946.4128502856506,783,423,80,1979.5099925994873,1343.1399898529053,2869.509984970093,17.202043322615545,6192.159967422485,54.2,10.2,46.0,14.7,Maintain / monitor
Women,Dresses,<$25,12721.839959144592,7142.479969024658,3891.2024678205175,935,522,99,1869.8799991607666,1371.6999998092651,2337.7799911499023,13.60624594560919,5579.359990119934,54.5,10.6,43.9,14.7,Maintain / monitor
Women,Intimates,$200+,13895.039962768555,6993.15998840332,3050.052196408573,37,16,9,1553.3199920654297,3110.439987182617,2238.1199951171875,375.54162061536636,6901.879974365234,43.6,24.3,49.7,11.2,Improve fit/size confidence
Women,Sweaters,<$25,11827.94987487793,6550.169933319092,3624.679058118894,687,386,72,1871.8299779891968,1268.1299877166748,2137.8199758529663,17.21681204494604,5277.779941558838,55.3,10.5,44.6,15.8,Maintain / monitor
Women,Maternity,$200+,10646.0,6532.0,3543.150989342481,46,28,4,1200.0,913.0,2001.0,231.43478260869566,4114.0,54.2,8.7,38.6,11.3,Maintain / monitor
Men,Shorts,<$25,10689.119979858398,5973.379981994629,2994.920871195401,581,330,55,1429.5100002288818,1028.6899991035461,2257.5399985313416,18.39779686722616,4715.7399978637695,50.1,9.5,44.1,13.4,Maintain / monitor
Women,Skirts,<$25,10273.919922351837,5895.049959659576,3553.5229153530004,597,342,57,1477.5199875831604,985.2599911689758,1916.0899839401245,17.209246101091853,4378.869962692261,60.3,9.5,42.6,14.4,Maintain / monitor
Women,Tops & Tees,$200+,9821.0,5604.0,2477.7590044945246,39,22,4,1678.0,1016.0,1523.0,251.82051282051282,4217.0,44.2,10.3,42.9,17.1,Diagnose cancellation friction
Men,Swim,<$25,10413.859809875488,5575.459901809692,2201.9647618007652,525,281,53,1634.8999681472776,1053.4599809646606,2150.0399589538574,19.835923447381884,4838.399908065796,39.5,10.1,46.5,15.7,Maintain / monitor
Women,Leggings,$100-200,10085.31997680664,5409.339988708496,2118.5439656932376,77,42,5,1737.9699935913086,751.9799957275391,2186.029998779297,130.97818151696936,4675.9799880981445,39.2,6.5,46.4,17.2,Diagnose cancellation friction
Women,Pants & Capris,<$25,9718.539985656738,5265.0299949646,2462.681900577105,560,309,42,1670.6699962615967,726.7999982833862,2056.0399961471558,17.354535688672748,4453.509990692139,46.8,7.5,45.8,17.2,Diagnose cancellation friction
Men,Pants,$200+,8918.14990234375,5108.719909667969,2843.241016504447,36,21,3,1835.7599639892578,754.9000091552734,1218.77001953125,247.72638617621527,3809.4299926757812,55.7,8.3,42.7,20.6,Diagnose cancellation friction
Women,Jumpsuits & Rompers,$100-200,8808.320068359375,5059.550018310547,2429.2073218621713,66,38,4,982.8200225830078,523.9900054931641,2241.9600219726562,133.45939497514203,3748.770050048828,48.0,6.1,42.6,11.2,Maintain / monitor
Women,Swim,$200+,9799.800003051758,5004.0,2901.1779925350565,39,20,4,2305.0,911.8000030517578,1579.0,251.27692315517328,4795.800003051758,58.0,10.3,48.9,23.5,Diagnose cancellation friction
Men,Fashion Hoodies & Sweatshirts,<$25,8728.639951705933,4892.019975662231,2204.7561860926703,442,250,31,1308.78999710083,604.0299978256226,1923.7999811172485,19.74805418937994,3836.619976043701,45.1,7.0,44.0,15.0,Maintain / monitor
Men,Tops & Tees,$200+,8996.0,4840.0,2131.748007502407,37,20,4,992.0,912.0,2252.0,243.13513513513513,4156.0,44.0,10.8,46.2,11.0,Maintain / monitor
Women,Swim,<$25,8269.369931221008,4807.89995765686,2762.892046779714,456,262,43,1410.829990386963,759.6299924850464,1291.0099906921387,18.13458318250221,3461.469973564148,57.5,9.4,41.9,17.1,Diagnose cancellation friction
Women,Jumpsuits & Rompers,$25-50,8137.410140991211,4684.0700759887695,2165.14111771487,211,121,20,1295.8800258636475,808.7600193023682,1348.7000198364258,38.565924838820905,3453.3400650024414,46.2,9.5,42.4,15.9,Maintain / monitor
Men,Suits & Sport Coats,<$25,8361.549968719482,4310.509971618652,2588.1060698987053,461,236,43,1430.0099992752075,775.6700010299683,1845.3599967956543,18.137852426723388,4051.03999710083,60.0,9.3,48.4,17.1,Diagnose cancellation friction
Women,Fashion Hoodies & Sweatshirts,$200+,7704.969955444336,4127.969970703125,2197.3453894740865,30,16,4,474.019989013672,998.9799957275391,2104.0,256.8323318481445,3576.999984741211,53.2,13.3,46.4,6.2,Improve fit/size confidence
Women,Clothing Sets,$100-200,7965.219993591309,4110.07999420166,1484.9926806348133,60,32,5,1066.9499969482422,721.9499969482422,2066.240005493164,132.75366655985513,3855.1399993896484,36.1,8.3,48.4,13.4,Leakage reduction priority
Men,Sweaters,<$25,7674.960001945496,4040.4599981307983,1999.3194494295792,430,227,50,1070.6100006103516,920.4700031280518,1643.420000076294,17.84874419057092,3634.5000038146973,49.5,11.6,47.4,13.9,Improve fit/size confidence
Women,Jumpsuits & Rompers,$50-100,7172.410015106201,3832.000011444092,1783.2790576370369,96,50,8,903.0299949645996,624.1000022888184,1813.2800064086914,74.71260432402293,3340.4100036621094,46.5,8.3,46.6,12.6,Maintain / monitor
Women,Jumpsuits & Rompers,<$25,6717.0599546432495,3531.1199808120728,1686.986093630695,471,248,60,989.609992980957,895.4599905014038,1300.869990348816,14.261273789051485,3185.9399738311768,47.8,12.7,47.4,14.7,Improve fit/size confidence
Women,Clothing Sets,$50-100,7141.509983062744,3459.389995574951,1334.4046479512813,101,49,8,1386.5799827575684,541.9600028991699,1753.5800018310547,70.7080196342846,3682.119987487793,38.6,7.9,51.6,19.4,Diagnose cancellation friction
Women,Jumpsuits & Rompers,$200+,5775.199981689453,3236.3999938964844,1488.9771990778922,20,10,3,831.5999908447264,928.0,779.1999969482422,288.75999908447267,2538.7999877929688,46.0,15.0,44.0,14.4,Improve fit/size confidence
Men,Socks,$50-100,5608.950008392334,3213.1200103759766,1217.2598078079823,85,49,9,928.689998626709,602.8500022888184,864.2899971008301,65.98764715755686,2395.8299980163574,37.9,10.6,42.7,16.6,Diagnose cancellation friction
Men,Underwear,$100-200,4176.710029602051,2750.830009460449,1485.7676735820821,33,22,0,644.9700088500977,0.0,780.9100112915039,126.56697059400153,1425.8800201416016,54.0,0.0,34.1,15.4,Maintain / monitor
Men,Swim,$200+,4874.869873046875,2719.919921875,1068.64836493831,18,10,2,1069.97998046875,549.97998046875,534.989990234375,270.82610405815973,2154.949951171875,39.3,11.1,44.2,21.9,Improve fit/size confidence
Men,Socks,$200+,9933.0,2709.0,1077.2789949271828,11,3,2,4515.0,1806.0,903.0,903.0,7224.0,39.8,18.2,72.7,45.5,Improve fit/size confidence
Women,Sleep & Lounge,$200+,5307.0,2415.0,930.4259973540902,18,8,2,558.0,558.0,1776.0,294.8333333333333,2892.0,38.5,11.1,54.5,10.5,Improve fit/size confidence
Women,Suits,$200+,3077.8800201416016,1770.760009765625,700.4250012582391,14,8,1,671.3200073242188,215.8000030517578,420.0,219.84857286725725,1307.1200103759766,39.6,7.1,42.5,21.8,Diagnose cancellation friction
Women,Jeans,<$25,2793.2899799346924,1669.6399869918823,764.521395560265,141,84,10,470.65999603271484,186.4199981689453,466.5699987411499,19.810567233579377,1123.64999294281,45.8,7.1,40.2,16.8,Diagnose cancellation friction
Men,Jeans,<$25,3334.699960708618,1602.139980316162,753.0510624320473,161,78,13,663.3099937438965,267.9899959564209,801.2599906921387,20.712422116202596,1732.559980392456,47.0,8.1,52.0,19.9,Diagnose cancellation friction
Men,Socks,$100-200,1859.499969482422,1379.6999816894531,505.5074898457156,16,12,0,119.9499969482422,0.0,359.8499908447266,116.21874809265138,479.799987792969,36.6,0.0,25.8,6.5,Maintain / monitor
Women,Leggings,$200+,2115.239990234375,1057.6199951171875,474.8713748763007,4,2,1,0.0,528.8099975585938,528.8099975585938,528.8099975585938,1057.6199951171875,44.9,25.0,50.0,0.0,Improve fit/size confidence
Women,Socks & Hosiery,$50-100,2527.5,1037.0,634.2450018152595,36,14,7,560.75,511.75,418.0,70.20833333333333,1490.5,61.2,19.4,59.0,22.2,Improve fit/size confidence
Women,Outerwear & Coats,<$25,1745.150011062622,1026.2900047302246,567.0539531926496,90,54,9,270.5800037384033,166.92000198364258,281.36000061035156,19.39055567847358,718.8600063323975,55.3,10.0,41.2,15.5,Maintain / monitor
Women,Suits,$25-50,1060.6200065612793,702.7500057220459,279.24729186320957,38,25,3,184.92999839782715,85.97000122070312,86.97000122070312,27.911052804244193,357.8700008392334,39.7,7.9,33.7,17.4,Diagnose cancellation friction
Men,Outerwear & Coats,<$25,1072.7099933624268,640.359992980957,353.7345156263453,58,35,4,188.89999961853027,82.25,161.20000076293945,18.494999885559082,432.3500003814697,55.2,6.9,40.3,17.6,Diagnose cancellation friction
Women,Clothing Sets,$25-50,994.2800254821777,590.8600158691406,217.590607158953,27,16,4,107.46000289916992,153.4700050354004,142.4900016784668,36.82518612896955,403.4200096130371,36.8,14.8,40.6,10.8,Improve fit/size confidence
Women,Suits,<$25,782.7799892425537,491.6999931335449,191.5130463783879,42,26,1,81.94999885559082,16.989999771118164,192.1399974822998,18.637618791489373,291.0799961090088,38.9,2.4,37.2,10.5,Maintain / monitor
Women,Socks & Hosiery,$100-200,1119.6499786376953,319.8999938964844,204.09619619176087,7,2,1,319.8999938964844,159.9499969482422,319.8999938964844,159.9499969482422,799.7499847412109,63.8,14.3,71.4,28.6,Improve fit/size confidence
Men,Underwear,$200+,850.0199890136719,283.3399963378906,139.96995844002157,3,1,1,283.3399963378906,283.3399963378906,0.0,283.3399963378906,566.6799926757812,49.4,33.3,66.7,33.3,Improve fit/size confidence
Women,Shorts,$200+,492.0,246.0,122.75399998831564,2,1,0,0.0,0.0,246.0,246.0,246.0,49.9,0.0,50.0,0.0,Leakage reduction priority
Women,Clothing Sets,<$25,194.90999794006348,59.96999931335449,25.487249976262447,9,3,1,68.96999931335449,19.989999771118164,45.97999954223633,21.656666437784832,134.93999862670898,42.5,11.1,69.2,35.4,Improve fit/size confidence
