product_category,department,center_id,total_units,sold_units,unsold_units,frozen_capital,holding_cost_to_cutoff,avg_holding_days_unsold,aged_180_units,aged_365_units,aged_180_cost,aged_365_cost,sell_through_pct,dc_name,category_revenue,category_gross_profit,gross_margin_pct,status_leakage_value,category_quadrant,category_revenue_share_pct,category_cumulative_revenue_share_pct,abc_class,inventory_action
Outerwear & Coats,Men,3,3406,1225,2181,170443.96010401723,83913.65613304,752.0056074766355,1898,1639,147004.0928591458,124166.32883613072,36.0,Houston TX,673785.8696479797,374046.3253572929,55.5,528526.8398113251,Star,12.183398980669509,12.183398980669509,A,Monitor
Jeans,Men,10,3074,1103,1971,151320.1541169097,76292.1877403608,741.4927909371781,1711,1458,131614.19372852583,112928.99423680162,35.9,Savannah GA,648144.29093647,301161.66306667175,46.5,518090.3007440567,Cash Cow,11.71974784459006,23.90314682525957,A,Rebalance allocation by DC
Jeans,Men,7,3782,1373,2409,133017.00532937594,68446.83032731609,746.3488664987406,2097,1785,116922.46569299289,99691.81809230344,36.3,Philadelphia PA,648144.29093647,301161.66306667175,46.5,518090.3007440567,Cash Cow,11.71974784459006,23.90314682525957,A,Monitor
Jeans,Women,8,3047,1101,1946,115745.73010435665,57226.83966830061,733.0624349635796,1666,1445,98430.30497017689,86188.28982474706,36.1,Mobile AL,648144.29093647,301161.66306667175,46.5,518090.3007440567,Cash Cow,11.71974784459006,23.90314682525957,A,Monitor
Jeans,Men,8,2763,1003,1760,113183.19883430739,55798.52169909486,724.6733870967741,1519,1293,98248.94853981554,83729.06796117597,36.3,Mobile AL,648144.29093647,301161.66306667175,46.5,518090.3007440567,Cash Cow,11.71974784459006,23.90314682525957,A,Monitor
Dresses,Women,3,2858,1022,1836,109750.15395789903,54728.69979014976,732.4853994490359,1569,1336,94025.36576905345,80851.68370095808,35.8,Houston TX,240309.79059791565,132020.39304571736,54.9,191377.90044689178,Star,4.345282662791929,68.09066711657469,A,Rebalance allocation by DC
Outerwear & Coats,Women,3,1776,646,1130,98216.58719818633,48443.67390347668,744.0071620411817,977,838,84209.9333960898,71897.8239077571,36.4,Houston TX,673785.8696479797,374046.3253572929,55.5,528526.8398113251,Star,12.183398980669509,12.183398980669509,A,Monitor
Intimates,Women,2,7719,2787,4932,87157.40059835315,44051.36758480881,742.6262355848435,4273,3658,75624.26018948734,65161.88627735215,36.1,Chicago IL,235863.64027023315,110396.67692278422,46.8,192076.66029024124,Cash Cow,4.26488735352477,76.65936695202018,A,Monitor
Suits & Sport Coats,Men,5,1371,491,880,84185.90551905798,41566.63743267526,737.6639629200464,751,642,72230.92750410926,61127.87385264092,35.8,New Orleans LA,333854.94957733154,199611.90367731234,59.8,275422.9497528076,Star,6.036766628093574,37.76659997565112,A,Rebalance allocation by DC
Outerwear & Coats,Men,1,2027,735,1292,83052.97851667795,41079.599974118246,727.0511006289308,1102,925,71898.01089103232,60124.29353986139,36.3,Memphis TN,673785.8696479797,374046.3253572929,55.5,528526.8398113251,Star,12.183398980669509,12.183398980669509,A,Monitor
Jeans,Women,7,1658,595,1063,83702.69059023377,40866.00256737309,714.6387035271688,896,757,70354.77012216729,59792.375314375706,35.9,Philadelphia PA,648144.29093647,301161.66306667175,46.5,518090.3007440567,Cash Cow,11.71974784459006,23.90314682525957,A,Rebalance allocation by DC
Jeans,Men,6,2082,761,1321,80934.22391322003,40330.77352552117,727.4388931591084,1130,969,69544.69434714246,59758.67253838623,36.6,Port Authority of New York/New Jersey NY/NJ,648144.29093647,301161.66306667175,46.5,518090.3007440567,Cash Cow,11.71974784459006,23.90314682525957,A,Monitor
Sweaters,Men,8,2392,864,1528,75583.51514861638,37842.47918989599,743.0556291390728,1346,1139,66261.95341048279,56194.59526475979,36.1,Mobile AL,432843.970164299,224468.89728997124,51.9,347799.5300254822,Star,7.826686522297975,31.729833347557545,A,Monitor
Outerwear & Coats,Men,6,2428,874,1554,73009.33047974453,36101.925498838405,725.0984354628422,1347,1152,63097.132050428336,54115.842151356475,36.0,Port Authority of New York/New Jersey NY/NJ,673785.8696479797,374046.3253572929,55.5,528526.8398113251,Star,12.183398980669509,12.183398980669509,A,Monitor
Outerwear & Coats,Men,8,1657,604,1053,69838.12650003037,35688.7825491978,748.9173076923076,917,795,61027.23005831678,53056.88229239567,36.5,Mobile AL,673785.8696479797,374046.3253572929,55.5,528526.8398113251,Star,12.183398980669509,12.183398980669509,A,Monitor
Suits & Sport Coats,Men,1,1820,656,1164,67729.10112244001,32858.336387642536,726.1538461538462,1008,856,58135.49110162414,49410.932014827864,36.0,Memphis TN,333854.94957733154,199611.90367731234,59.8,275422.9497528076,Star,6.036766628093574,37.76659997565112,A,Monitor
Swim,Men,9,2980,1070,1910,63649.949339657855,32072.41523901246,750.4470463012241,1651,1430,54724.61338145209,47435.526160278,35.9,Charleston SC,326056.0803012848,159365.4344071027,48.9,274109.7404088974,Cash Cow,5.8957474404430465,49.63410798604126,A,Rebalance allocation by DC
Suits & Sport Coats,Men,3,1527,540,987,63352.502037375314,32087.828653271234,761.2018633540373,851,745,54348.006498526454,47902.820207152865,35.4,Houston TX,333854.94957733154,199611.90367731234,59.8,275422.9497528076,Star,6.036766628093574,37.76659997565112,A,Rebalance allocation by DC
Swim,Men,8,2996,1080,1916,61833.06424946058,30765.134776503437,732.8891235480464,1667,1432,53814.69008363942,46400.558864284714,36.0,Mobile AL,326056.0803012848,159365.4344071027,48.9,274109.7404088974,Cash Cow,5.8957474404430465,49.63410798604126,A,Monitor
Sleep & Lounge,Women,2,2983,1082,1901,60997.97289213077,29605.59088867064,732.3168264110756,1650,1416,52555.95616732882,44830.73255584096,36.3,Chicago IL,276096.6707119942,142188.54965713344,51.5,220073.32058119774,Star,4.992381182282991,54.62648916832425,A,Monitor
Outerwear & Coats,Men,5,998,359,639,57209.70039466167,29391.86710351428,757.2313787638669,570,495,51041.234546712134,44733.151412301464,36.0,New Orleans LA,673785.8696479797,374046.3253572929,55.5,528526.8398113251,Star,12.183398980669509,12.183398980669509,A,Monitor
Sweaters,Women,2,2270,829,1441,57568.15616816588,29290.921256786158,740.109396914446,1258,1089,50848.09055548239,44409.856163258584,36.5,Chicago IL,432843.970164299,224468.89728997124,51.9,347799.5300254822,Star,7.826686522297975,31.729833347557545,A,Monitor
Intimates,Women,3,5758,2075,3683,58860.135835972775,28893.129048565857,732.1833976833976,3184,2697,50763.897095274224,43000.99286304219,36.0,Houston TX,235863.64027023315,110396.67692278422,46.8,192076.66029024124,Cash Cow,4.26488735352477,76.65936695202018,A,Monitor
Swim,Women,4,2912,1065,1847,58541.69383995685,28710.78757648289,726.8302300109528,1610,1378,50533.76859093361,43285.72239773303,36.6,Los Angeles CA,326056.0803012848,159365.4344071027,48.9,274109.7404088974,Cash Cow,5.8957474404430465,49.63410798604126,A,Monitor
Sweaters,Men,1,2414,868,1546,56608.04204906631,29173.025311448284,760.8536745406824,1356,1189,49878.385255368434,44013.08113879555,36.0,Memphis TN,432843.970164299,224468.89728997124,51.9,347799.5300254822,Star,7.826686522297975,31.729833347557545,A,Monitor
Outerwear & Coats,Women,1,1199,440,759,57313.004794381166,28381.619504789265,732.6138482023968,658,562,49581.73748861981,42684.022781901316,36.7,Memphis TN,673785.8696479797,374046.3253572929,55.5,528526.8398113251,Star,12.183398980669509,12.183398980669509,A,Monitor
Sleep & Lounge,Men,2,3086,1116,1970,56418.56423897177,28173.301532709796,739.8784131890778,1720,1467,49363.180873846126,42292.11558045075,36.2,Chicago IL,276096.6707119942,142188.54965713344,51.5,220073.32058119774,Star,4.992381182282991,54.62648916832425,A,Monitor
Jeans,Men,4,1970,704,1266,56608.248009983094,28574.457757275646,745.90281124498,1090,943,48891.989423150335,41983.435820087514,35.7,Los Angeles CA,648144.29093647,301161.66306667175,46.5,518090.3007440567,Cash Cow,11.71974784459006,23.90314682525957,A,Rebalance allocation by DC
Jeans,Men,1,1907,693,1214,56376.537283210804,27593.373217406377,738.0326359832636,1050,902,48157.62398622527,41185.05901560431,36.3,Memphis TN,648144.29093647,301161.66306667175,46.5,518090.3007440567,Cash Cow,11.71974784459006,23.90314682525957,A,Monitor
Fashion Hoodies & Sweatshirts,Men,8,2708,970,1738,55005.035766136934,28167.00807185352,750.0290360046457,1514,1319,48006.58302115159,41919.51285020463,35.8,Mobile AL,330259.8802957535,158598.71106277095,48.0,270305.75012874603,Cash Cow,5.971760569947093,43.73836054559821,A,Rebalance allocation by DC
Intimates,Women,1,4075,1468,2607,55891.86087255287,27059.956856695993,713.3430685358255,2227,1892,47851.29662176348,40648.64672542962,36.0,Memphis TN,235863.64027023315,110396.67692278422,46.8,192076.66029024124,Cash Cow,4.26488735352477,76.65936695202018,A,Monitor
Sweaters,Men,6,2538,904,1634,54246.33395738258,26451.73363974439,720.180916976456,1427,1196,47604.06456302485,39543.32313195169,35.6,Port Authority of New York/New Jersey NY/NJ,432843.970164299,224468.89728997124,51.9,347799.5300254822,Star,7.826686522297975,31.729833347557545,A,Rebalance allocation by DC
Maternity,Women,3,4493,1629,2864,54698.030978264,27302.587802192513,743.8263790664781,2490,2152,47116.74929398493,40478.65987662474,36.3,Houston TX,134124.16964530945,74887.34809404462,55.8,113211.47972154617,Problem Child,2.425233809954398,89.68689050483451,B,Markdown with margin guardrail
Swim,Men,4,3201,1148,2053,52034.1137349386,26367.609671250822,750.0696296296296,1803,1552,45616.14023663668,39291.47931189352,35.9,Los Angeles CA,326056.0803012848,159365.4344071027,48.9,274109.7404088974,Cash Cow,5.8957474404430465,49.63410798604126,A,Rebalance allocation by DC
Sweaters,Men,3,2212,799,1413,53037.945144824764,25981.693438765236,721.5463695183321,1205,1046,45413.05543621251,39507.91043716677,36.1,Houston TX,432843.970164299,224468.89728997124,51.9,347799.5300254822,Star,7.826686522297975,31.729833347557545,A,Monitor
Outerwear & Coats,Men,7,1534,543,991,53046.420524159825,26371.623916763645,753.8627049180328,863,744,45412.33348010666,38338.97075428481,35.4,Philadelphia PA,673785.8696479797,374046.3253572929,55.5,528526.8398113251,Star,12.183398980669509,12.183398980669509,A,Rebalance allocation by DC
Blazers & Jackets,Women,3,1640,603,1037,51211.48169494022,26254.313630245037,742.6168768186227,909,785,45002.26579887199,39123.756096681536,36.8,Houston TX,147623.82041454315,91712.77902490456,62.1,121560.37020969391,Problem Child,2.6693345529800787,87.26165669488012,B,Markdown with margin guardrail
Jeans,Women,4,2495,898,1597,51720.62301966809,25631.302957066924,747.776507936508,1376,1195,44328.747923113304,37961.47408813654,36.0,Los Angeles CA,648144.29093647,301161.66306667175,46.5,518090.3007440567,Cash Cow,11.71974784459006,23.90314682525957,A,Monitor
Outerwear & Coats,Men,4,1199,421,778,51454.03117487579,24090.463203688803,718.1708278580815,668,559,44147.0225321929,36038.13104467613,35.1,Los Angeles CA,673785.8696479797,374046.3253572929,55.5,528526.8398113251,Star,12.183398980669509,12.183398980669509,A,Rebalance allocation by DC
Sweaters,Men,2,1728,618,1110,49689.09053011999,25072.117687306243,744.855575868373,962,818,43058.90224286525,36789.85252609093,35.8,Chicago IL,432843.970164299,224468.89728997124,51.9,347799.5300254822,Star,7.826686522297975,31.729833347557545,A,Rebalance allocation by DC
Fashion Hoodies & Sweatshirts,Men,4,2432,864,1568,50021.03943517508,24619.720888118296,728.2687338501293,1348,1163,42974.01984228934,37083.29628690017,35.5,Los Angeles CA,330259.8802957535,158598.71106277095,48.0,270305.75012874603,Cash Cow,5.971760569947093,43.73836054559821,A,Rebalance allocation by DC
Accessories,Men,2,2579,931,1648,48321.30217300369,24166.234261000285,729.2516881522406,1452,1223,42677.893474315104,36359.97430458718,36.1,Chicago IL,214661.27991735935,128532.66199487017,59.9,174792.2998701334,Problem Child,3.8815061828184922,84.59232214190004,B,Markdown with margin guardrail
Suits & Sport Coats,Men,8,1864,673,1191,49853.306987845834,24432.181603697358,734.6786018755329,1023,894,42650.899835837474,37291.2220663797,36.1,Mobile AL,333854.94957733154,199611.90367731234,59.8,275422.9497528076,Star,6.036766628093574,37.76659997565112,A,Monitor
Tops & Tees,Men,3,2645,951,1694,50150.73295932305,24727.902812142805,734.3864589574596,1461,1246,42615.97193835963,36772.73548262203,36.0,Houston TX,248486.6007578373,109427.07970071632,44.0,204702.05077409744,Cash Cow,4.49313577912333,63.74538445378277,A,Monitor
Intimates,Women,8,3486,1257,2229,48857.47094154155,23598.036058742346,720.5112025605853,1901,1620,41591.42147566724,35134.68651557792,36.1,Mobile AL,235863.64027023315,110396.67692278422,46.8,192076.66029024124,Cash Cow,4.26488735352477,76.65936695202018,A,Monitor
Suits & Sport Coats,Men,6,1881,664,1217,47815.42869432815,23489.44005278652,730.9555741827326,1056,908,41579.08294133014,35514.460676449846,35.3,Port Authority of New York/New Jersey NY/NJ,333854.94957733154,199611.90367731234,59.8,275422.9497528076,Star,6.036766628093574,37.76659997565112,A,Rebalance allocation by DC
Dresses,Women,1,2416,901,1515,47204.61534885383,23890.44563528456,746.2567024128687,1313,1123,41491.091362093284,35822.444527327236,37.3,Memphis TN,240309.79059791565,132020.39304571736,54.9,191377.90044689178,Star,4.345282662791929,68.09066711657469,A,Monitor
Suits & Sport Coats,Men,10,1095,391,704,48518.02655246107,24415.614588491713,753.3477633477634,615,530,41349.25344799166,36260.211096665815,35.7,Savannah GA,333854.94957733154,199611.90367731234,59.8,275422.9497528076,Star,6.036766628093574,37.76659997565112,A,Rebalance allocation by DC
Pants,Men,7,2823,1020,1803,47351.49896363689,23427.18840161707,746.550365785031,1551,1335,40274.145938100984,34533.83805246707,36.1,Philadelphia PA,224059.73053073883,121250.22365331609,54.1,181952.95076560974,Star,4.051449007061368,80.71081595908154,B,Markdown with margin guardrail
Pants,Men,8,1724,640,1084,45585.68924446168,22841.97190780222,740.0204841713222,942,819,39808.098328203036,34740.66900596334,37.1,Mobile AL,224059.73053073883,121250.22365331609,54.1,181952.95076560974,Star,4.051449007061368,80.71081595908154,B,Markdown with margin guardrail
Jeans,Men,2,1366,504,862,44119.82447543514,22261.027158984558,742.3474178403756,754,638,38827.324394926385,32734.503979969224,36.9,Chicago IL,648144.29093647,301161.66306667175,46.5,518090.3007440567,Cash Cow,11.71974784459006,23.90314682525957,A,Monitor
Fashion Hoodies & Sweatshirts,Men,2,1988,707,1281,44223.3104271517,22184.967700095658,742.5859872611464,1110,957,38650.77429637808,33455.0865350941,35.6,Chicago IL,330259.8802957535,158598.71106277095,48.0,270305.75012874603,Cash Cow,5.971760569947093,43.73836054559821,A,Rebalance allocation by DC
Sweaters,Women,1,1771,629,1142,46337.151272691546,22582.136187757227,725.2132024977699,961,818,38539.09839514413,32686.31277394195,35.5,Memphis TN,432843.970164299,224468.89728997124,51.9,347799.5300254822,Star,7.826686522297975,31.729833347557545,A,Rebalance allocation by DC
Swim,Men,1,2465,899,1566,45410.95898554917,22505.102262123277,740.9441195581546,1339,1147,38436.607464884124,32889.49379662818,36.5,Memphis TN,326056.0803012848,159365.4344071027,48.9,274109.7404088974,Cash Cow,5.8957474404430465,49.63410798604126,A,Monitor
Fashion Hoodies & Sweatshirts,Men,1,2072,746,1326,43875.52312904193,21978.420869035817,741.3177641653905,1158,987,38346.1250560334,32737.612928441224,36.0,Memphis TN,330259.8802957535,158598.71106277095,48.0,270305.75012874603,Cash Cow,5.971760569947093,43.73836054559821,A,Monitor
Sweaters,Men,5,1397,503,894,42646.65656726235,20781.339143626676,726.8447488584475,771,663,36849.40841946625,31915.54504343663,36.0,New Orleans LA,432843.970164299,224468.89728997124,51.9,347799.5300254822,Star,7.826686522297975,31.729833347557545,A,Monitor
Underwear,Men,3,4945,1814,3131,42093.26404976829,21347.60227295481,749.8461290322581,2729,2333,36596.45408154518,31324.806039304625,36.7,Houston TX,106327.60012149811,56382.6766645938,53.0,82975.33014774323,Problem Child,1.9226161207775032,91.60950662561201,B,Markdown with margin guardrail
Outerwear & Coats,Women,7,1411,513,898,42205.70086052259,20975.81053960224,747.6884139482564,784,672,36527.284071462964,31059.400630754633,36.4,Philadelphia PA,673785.8696479797,374046.3253572929,55.5,528526.8398113251,Star,12.183398980669509,12.183398980669509,A,Monitor
Shorts,Men,1,2963,1073,1890,41838.38409576536,20373.073239898138,728.4412081984898,1643,1379,36225.91229033849,30467.93473349107,36.2,Memphis TN,255821.1708164215,127757.9467316373,49.9,220251.72066402435,Cash Cow,4.625759506335196,59.25224867465944,A,Monitor
Plus,Women,2,2650,964,1686,41059.917234586675,20923.711947821346,734.7978404319136,1452,1265,36211.18821602844,31378.055399032903,36.4,Chicago IL,86355.54025483131,43132.80789667264,49.9,67264.9401115179,Dog,1.5614812487319594,94.91417880414552,B,Markdown with margin guardrail
Outerwear & Coats,Women,4,884,325,559,40897.093712121736,20795.666008647466,753.9343065693431,493,432,35653.561341333574,31321.36660788469,36.8,Los Angeles CA,673785.8696479797,374046.3253572929,55.5,528526.8398113251,Star,12.183398980669509,12.183398980669509,A,Monitor
Jeans,Men,3,1921,705,1216,41533.162984998344,20635.729575262743,742.5680868838764,1044,894,35651.311456751086,30428.76456894815,36.7,Houston TX,648144.29093647,301161.66306667175,46.5,518090.3007440567,Cash Cow,11.71974784459006,23.90314682525957,A,Monitor
Fashion Hoodies & Sweatshirts,Men,7,1776,630,1146,40584.516436851234,20384.501492732743,753.6430469441984,1005,866,35494.40081066343,30097.626771585532,35.5,Philadelphia PA,330259.8802957535,158598.71106277095,48.0,270305.75012874603,Cash Cow,5.971760569947093,43.73836054559821,A,Rebalance allocation by DC
Jeans,Women,2,1134,413,721,40907.22922315512,19900.17234044606,729.6438547486033,627,538,35288.494393790155,30012.18275056774,36.4,Chicago IL,648144.29093647,301161.66306667175,46.5,518090.3007440567,Cash Cow,11.71974784459006,23.90314682525957,A,Monitor
Pants,Men,6,2890,1042,1848,40629.071590859116,20328.51600428173,738.9857534246576,1593,1370,35244.76762204089,30238.116382543674,36.1,Port Authority of New York/New Jersey NY/NJ,224059.73053073883,121250.22365331609,54.1,181952.95076560974,Star,4.051449007061368,80.71081595908154,B,Markdown with margin guardrail
Pants,Men,4,1939,713,1226,39279.45766674018,19958.13711530164,747.961316872428,1075,930,34634.36888987945,29681.67023865701,36.8,Los Angeles CA,224059.73053073883,121250.22365331609,54.1,181952.95076560974,Star,4.051449007061368,80.71081595908154,B,Markdown with margin guardrail
Tops & Tees,Men,1,2830,1023,1807,38935.097367497605,20403.99463328532,763.996062992126,1592,1372,34256.49068025922,29783.266566953735,36.1,Memphis TN,248486.6007578373,109427.07970071632,44.0,204702.05077409744,Cash Cow,4.49313577912333,63.74538445378277,A,Monitor
Sweaters,Men,7,1647,589,1058,39916.705854343825,19668.992217747153,743.4007707129094,906,769,34081.175150779396,28887.386154002474,35.8,Philadelphia PA,432843.970164299,224468.89728997124,51.9,347799.5300254822,Star,7.826686522297975,31.729833347557545,A,Rebalance allocation by DC
Intimates,Women,6,2688,983,1705,37948.40942773734,18843.855971791552,733.3519619500595,1503,1276,33794.689104927,28570.29999117207,36.6,Port Authority of New York/New Jersey NY/NJ,235863.64027023315,110396.67692278422,46.8,192076.66029024124,Cash Cow,4.26488735352477,76.65936695202018,A,Monitor
Sleep & Lounge,Women,7,1461,528,933,36907.09137782942,18625.46717613318,737.3680781758958,811,694,32529.100889325335,27687.27776101877,36.1,Philadelphia PA,276096.6707119942,142188.54965713344,51.5,220073.32058119774,Star,4.992381182282991,54.62648916832425,A,Monitor
Pants & Capris,Women,3,1493,552,941,36702.984064617536,18432.629485418456,747.6169527896996,831,715,32472.388089777312,27927.09676046467,37.0,Houston TX,96404.74045562744,45649.84707878008,47.4,78036.77029800415,Dog,1.7431909298015382,93.35269755541356,B,Markdown with margin guardrail
Swim,Women,1,2257,813,1444,37684.71530504238,18490.0318577749,735.2863187588152,1248,1076,32331.084420987307,27825.68904351507,36.0,Memphis TN,326056.0803012848,159365.4344071027,48.9,274109.7404088974,Cash Cow,5.8957474404430465,49.63410798604126,A,Monitor
Underwear,Men,10,4680,1684,2996,37231.00293645091,18565.380081588897,732.9789830508474,2585,2218,32204.122838316543,27813.24715370386,36.0,Savannah GA,106327.60012149811,56382.6766645938,53.0,82975.33014774323,Problem Child,1.9226161207775032,91.60950662561201,B,Markdown with margin guardrail
Dresses,Women,2,1251,451,800,37201.9076094964,18481.70721420657,726.4479695431472,683,591,32131.336708796014,27997.07328738316,36.1,Chicago IL,240309.79059791565,132020.39304571736,54.9,191377.90044689178,Star,4.345282662791929,68.09066711657469,A,Monitor
Shorts,Men,9,2356,851,1505,36720.15594678813,18932.439743792533,736.954054054054,1300,1109,31993.301721375476,27270.085675235678,36.1,Charleston SC,255821.1708164215,127757.9467316373,49.9,220251.72066402435,Cash Cow,4.625759506335196,59.25224867465944,A,Monitor
Intimates,Women,10,3283,1171,2112,36851.97873980558,17942.8849763956,727.1919385796546,1818,1560,31920.725653079928,27430.562452710234,35.7,Savannah GA,235863.64027023315,110396.67692278422,46.8,192076.66029024124,Cash Cow,4.26488735352477,76.65936695202018,A,Rebalance allocation by DC
Accessories,Men,8,1761,641,1120,36195.43911943845,18802.462017493555,757.587488667271,973,850,31573.63261616439,27623.776903035836,36.4,Mobile AL,214661.27991735935,128532.66199487017,59.9,174792.2998701334,Problem Child,3.8815061828184922,84.59232214190004,B,Markdown with margin guardrail
Suits & Sport Coats,Men,4,1444,540,904,36464.29477560538,17711.266923333686,735.7544642857143,787,678,31418.325611794036,26085.251267140895,37.4,Los Angeles CA,333854.94957733154,199611.90367731234,59.8,275422.9497528076,Star,6.036766628093574,37.76659997565112,A,Monitor
Dresses,Women,8,1266,454,812,36895.79327604907,18022.351040666785,728.564617314931,690,589,31342.495848222014,26843.05596634834,35.9,Mobile AL,240309.79059791565,132020.39304571736,54.9,191377.90044689178,Star,4.345282662791929,68.09066711657469,A,Rebalance allocation by DC
Active,Women,1,2236,793,1443,36457.84494602266,18028.27896756579,735.6300984528833,1230,1048,31189.09836272192,25720.831623462913,35.5,Memphis TN,238016.34014725685,138463.49740212064,58.2,194656.21015286446,Star,4.303812481920711,72.39447959849541,A,Rebalance allocation by DC
Shorts,Men,6,2077,764,1313,35793.63674472088,17395.10801603035,716.9119691119691,1143,945,31107.464324825625,25749.679179879844,36.8,Port Authority of New York/New Jersey NY/NJ,255821.1708164215,127757.9467316373,49.9,220251.72066402435,Cash Cow,4.625759506335196,59.25224867465944,A,Monitor
Jeans,Men,5,1633,586,1047,36385.44041703451,17833.197013475427,728.3552758954502,900,775,31043.53937180496,26681.34060172203,35.9,New Orleans LA,648144.29093647,301161.66306667175,46.5,518090.3007440567,Cash Cow,11.71974784459006,23.90314682525957,A,Rebalance allocation by DC
Fashion Hoodies & Sweatshirts,Men,9,2396,859,1537,34798.48604462278,17397.796623707243,739.423102310231,1340,1143,30171.72715770765,25683.472963400225,35.9,Charleston SC,330259.8802957535,158598.71106277095,48.0,270305.75012874603,Cash Cow,5.971760569947093,43.73836054559821,A,Rebalance allocation by DC
Accessories,Women,2,2119,761,1358,34162.193290407035,16473.228255823204,723.71964017991,1177,1019,30164.964244981362,26261.887782640133,35.9,Chicago IL,214661.27991735935,128532.66199487017,59.9,174792.2998701334,Problem Child,3.8815061828184922,84.59232214190004,B,Markdown with margin guardrail
Sleep & Lounge,Men,7,2002,727,1275,34947.900231601,16983.56931150796,730.7648927720413,1101,940,30044.330204301765,25586.108073998617,36.3,Philadelphia PA,276096.6707119942,142188.54965713344,51.5,220073.32058119774,Star,4.992381182282991,54.62648916832425,A,Monitor
Fashion Hoodies & Sweatshirts,Men,6,1664,603,1061,34214.833296980796,17434.239618031992,754.4336538461539,927,790,30038.882506740927,25649.470648692193,36.2,Port Authority of New York/New Jersey NY/NJ,330259.8802957535,158598.71106277095,48.0,270305.75012874603,Cash Cow,5.971760569947093,43.73836054559821,A,Monitor
Tops & Tees,Men,8,2145,788,1357,33728.07703788298,16976.458862161526,730.4366616989568,1180,999,29527.041218223614,25244.30462063695,36.7,Mobile AL,248486.6007578373,109427.07970071632,44.0,204702.05077409744,Cash Cow,4.49313577912333,63.74538445378277,A,Monitor
Sweaters,Women,3,1306,469,837,34287.970381742576,16421.03050466995,711.2876213592233,709,604,29009.5420441917,24594.133858722897,35.9,Houston TX,432843.970164299,224468.89728997124,51.9,347799.5300254822,Star,7.826686522297975,31.729833347557545,A,Rebalance allocation by DC
Tops & Tees,Men,4,2485,889,1596,33561.5208445873,16415.502508286943,727.7660521296885,1372,1166,28879.1665863281,24475.032803098653,35.8,Los Angeles CA,248486.6007578373,109427.07970071632,44.0,204702.05077409744,Cash Cow,4.49313577912333,63.74538445378277,A,Rebalance allocation by DC
Pants,Men,2,1753,644,1109,33461.898886520205,16771.119741046587,760.0979853479854,962,836,28873.18727246587,24835.938077154795,36.7,Chicago IL,224059.73053073883,121250.22365331609,54.1,181952.95076560974,Star,4.051449007061368,80.71081595908154,B,Markdown with margin guardrail
Pants,Men,1,1933,691,1242,33343.440424408036,16207.009502755833,721.8655737704918,1071,894,28732.717220851286,24249.679011051296,35.7,Memphis TN,224059.73053073883,121250.22365331609,54.1,181952.95076560974,Star,4.051449007061368,80.71081595908154,B,Markdown with margin guardrail
Outerwear & Coats,Women,2,829,301,528,32801.618944037604,16342.84988138523,732.8153846153846,460,390,28583.688383222863,24459.993968567032,36.3,Chicago IL,673785.8696479797,374046.3253572929,55.5,528526.8398113251,Star,12.183398980669509,12.183398980669509,A,Monitor
Tops & Tees,Men,7,2473,886,1587,33562.66716400396,16276.14318381886,713.3320512820513,1357,1142,28518.25537591181,24140.91408428196,35.8,Philadelphia PA,248486.6007578373,109427.07970071632,44.0,204702.05077409744,Cash Cow,4.49313577912333,63.74538445378277,A,Rebalance allocation by DC
Tops & Tees,Men,6,2447,879,1568,32455.96345016501,16127.260421241956,734.7529032258064,1362,1174,28237.992510692042,24399.05928467229,35.9,Port Authority of New York/New Jersey NY/NJ,248486.6007578373,109427.07970071632,44.0,204702.05077409744,Cash Cow,4.49313577912333,63.74538445378277,A,Rebalance allocation by DC
Sleep & Lounge,Women,1,1846,670,1176,32444.0537966391,16210.606445508292,746.4088159031979,1021,891,28104.27968507323,24457.209996056445,36.3,Memphis TN,276096.6707119942,142188.54965713344,51.5,220073.32058119774,Star,4.992381182282991,54.62648916832425,A,Monitor
Active,Men,1,2150,767,1383,31896.915679266098,15774.451068435483,720.809663250366,1198,995,27831.70155967141,22769.66519800624,35.7,Memphis TN,238016.34014725685,138463.49740212064,58.2,194656.21015286446,Star,4.303812481920711,72.39447959849541,A,Rebalance allocation by DC
Sweaters,Men,10,1082,392,690,32023.044278421887,15521.558779643687,734.8924889543446,605,515,27758.120743617892,23337.62337321489,36.2,Savannah GA,432843.970164299,224468.89728997124,51.9,347799.5300254822,Star,7.826686522297975,31.729833347557545,A,Monitor
Pants,Men,3,1727,624,1103,32010.918854684525,15745.209402554834,730.2255985267035,955,806,27610.66400708521,23529.196710682707,36.1,Houston TX,224059.73053073883,121250.22365331609,54.1,181952.95076560974,Star,4.051449007061368,80.71081595908154,B,Markdown with margin guardrail
Tops & Tees,Women,1,2092,754,1338,31312.671270190567,15762.939323896624,736.1817496229261,1166,994,27406.975592828847,23303.199504088556,36.0,Memphis TN,248486.6007578373,109427.07970071632,44.0,204702.05077409744,Cash Cow,4.49313577912333,63.74538445378277,A,Monitor
Tops & Tees,Women,3,1451,539,912,30431.178589789244,15410.111416548447,726.0848214285714,787,670,27251.572047800033,23441.542604931234,37.1,Houston TX,248486.6007578373,109427.07970071632,44.0,204702.05077409744,Cash Cow,4.49313577912333,63.74538445378277,A,Monitor
Sweaters,Men,4,1880,678,1202,31282.61366345338,15960.90133584019,751.4504657070279,1036,895,27206.58984971567,23511.198278284537,36.1,Los Angeles CA,432843.970164299,224468.89728997124,51.9,347799.5300254822,Star,7.826686522297975,31.729833347557545,A,Monitor
Swim,Women,5,1387,508,879,31405.156086277464,15808.383581004877,741.361334867664,760,656,27101.109307671642,23553.99397896428,36.6,New Orleans LA,326056.0803012848,159365.4344071027,48.9,274109.7404088974,Cash Cow,5.8957474404430465,49.63410798604126,A,Monitor
Blazers & Jackets,Women,1,811,297,514,30181.996209034274,15384.412230060685,762.1512770137524,456,389,26957.09560982103,22762.398493184915,36.6,Memphis TN,147623.82041454315,91712.77902490456,62.1,121560.37020969391,Problem Child,2.6693345529800787,87.26165669488012,B,Markdown with margin guardrail
Jeans,Women,5,1525,548,977,30434.992301290375,15249.227426980498,735.4730290456431,857,739,26859.01007738351,23086.49903708222,35.9,New Orleans LA,648144.29093647,301161.66306667175,46.5,518090.3007440567,Cash Cow,11.71974784459006,23.90314682525957,A,Rebalance allocation by DC
Outerwear & Coats,Men,2,865,313,552,30532.714104158164,14949.948692377946,737.195211786372,485,408,26840.663727876366,22400.188547108843,36.2,Chicago IL,673785.8696479797,374046.3253572929,55.5,528526.8398113251,Star,12.183398980669509,12.183398980669509,A,Monitor
Intimates,Women,9,4163,1501,2662,30428.60810814834,15045.2240683442,730.0693333333334,2305,1963,26486.686206976912,22527.116344275026,36.1,Charleston SC,235863.64027023315,110396.67692278422,46.8,192076.66029024124,Cash Cow,4.26488735352477,76.65936695202018,A,Monitor
Active,Men,2,2365,867,1498,30631.747317175148,15134.46760149245,735.1457489878543,1290,1105,26278.40178751405,22537.86350381069,36.7,Chicago IL,238016.34014725685,138463.49740212064,58.2,194656.21015286446,Star,4.303812481920711,72.39447959849541,A,Monitor
Jeans,Women,10,890,323,567,29949.41015254277,15227.256261196242,724.5800711743773,492,418,26198.6578127556,22422.99838891301,36.3,Savannah GA,648144.29093647,301161.66306667175,46.5,518090.3007440567,Cash Cow,11.71974784459006,23.90314682525957,A,Monitor
Fashion Hoodies & Sweatshirts,Women,1,2032,736,1296,30627.672499215634,15032.493873315621,734.234693877551,1114,946,26173.53298775532,22134.87329626191,36.2,Memphis TN,330259.8802957535,158598.71106277095,48.0,270305.75012874603,Cash Cow,5.971760569947093,43.73836054559821,A,Monitor
Suits & Sport Coats,Men,2,1055,382,673,29362.302880557916,14546.023597768664,740.7405159332321,579,491,25172.439096964634,21260.736591122233,36.2,Chicago IL,333854.94957733154,199611.90367731234,59.8,275422.9497528076,Star,6.036766628093574,37.76659997565112,A,Monitor
Fashion Hoodies & Sweatshirts,Men,3,976,355,621,30882.111102773164,15110.04276786964,753.218954248366,527,458,25163.638446473768,20717.807835017305,36.4,Houston TX,330259.8802957535,158598.71106277095,48.0,270305.75012874603,Cash Cow,5.971760569947093,43.73836054559821,A,Monitor
Shorts,Men,8,1859,679,1180,29360.537035754725,14418.988889978611,725.3053892215569,1018,861,25157.294794542806,21261.13402076017,36.5,Mobile AL,255821.1708164215,127757.9467316373,49.9,220251.72066402435,Cash Cow,4.625759506335196,59.25224867465944,A,Monitor
Pants,Men,10,1291,471,820,28258.013627471322,14580.915233221058,750.5111111111111,712,613,24822.205479127853,21299.0660753036,36.5,Savannah GA,224059.73053073883,121250.22365331609,54.1,181952.95076560974,Star,4.051449007061368,80.71081595908154,B,Markdown with margin guardrail
Pants,Men,5,1543,560,983,28001.01328519078,14333.6768712326,756.241273100616,851,729,24358.658378758202,20982.534445084573,36.3,New Orleans LA,224059.73053073883,121250.22365331609,54.1,181952.95076560974,Star,4.051449007061368,80.71081595908154,B,Markdown with margin guardrail
Shorts,Men,4,1947,691,1256,27777.45059312046,13946.457061795607,743.3510466988728,1087,943,24317.055827494016,20959.850962406686,35.5,Los Angeles CA,255821.1708164215,127757.9467316373,49.9,220251.72066402435,Cash Cow,4.625759506335196,59.25224867465944,A,Rebalance allocation by DC
Intimates,Women,4,2416,881,1535,27878.47900135368,13689.824123956158,741.1996034368804,1331,1136,24095.458715473957,20236.008393227698,36.5,Los Angeles CA,235863.64027023315,110396.67692278422,46.8,192076.66029024124,Cash Cow,4.26488735352477,76.65936695202018,A,Monitor
Dresses,Women,5,1385,504,881,28613.454829779603,13899.914368916117,740.8929804372842,760,645,23978.204075874895,20383.487057503193,36.4,New Orleans LA,240309.79059791565,132020.39304571736,54.9,191377.90044689178,Star,4.345282662791929,68.09066711657469,A,Monitor
Sweaters,Men,9,1531,550,981,26485.16147817536,13680.707541743956,769.9089026915113,879,752,23954.720971553346,20093.259667279257,35.9,Charleston SC,432843.970164299,224468.89728997124,51.9,347799.5300254822,Star,7.826686522297975,31.729833347557545,A,Rebalance allocation by DC
Fashion Hoodies & Sweatshirts,Men,10,1378,501,877,26943.84706785292,14131.875375757747,759.3183908045977,761,668,23527.67220108851,20595.21868123534,36.4,Savannah GA,330259.8802957535,158598.71106277095,48.0,270305.75012874603,Cash Cow,5.971760569947093,43.73836054559821,A,Monitor
Swim,Men,5,1630,589,1041,27281.442048209035,13396.511384864521,730.2076023391813,898,774,23506.83819982671,20342.348391758,36.1,New Orleans LA,326056.0803012848,159365.4344071027,48.9,274109.7404088974,Cash Cow,5.8957474404430465,49.63410798604126,A,Monitor
Suits,Women,9,501,177,324,27261.206812576253,12818.521756381871,688.6335403726708,276,228,23488.67405587772,19338.863059016177,35.3,Charleston SC,57931.64006614685,22936.87741349305,39.6,51092.350021362305,Dog,1.0475201637860925,97.09918885586357,C,Markdown with margin guardrail
Suits,Women,3,560,199,361,26609.88887460927,13547.75704469186,755.5854341736695,319,271,23476.522153938728,19999.264959719912,35.5,Houston TX,57931.64006614685,22936.87741349305,39.6,51092.350021362305,Dog,1.0475201637860925,97.09918885586357,C,Markdown with margin guardrail
Fashion Hoodies & Sweatshirts,Women,2,1829,667,1162,26761.911361945862,13511.428308446364,751.5544899738449,1022,886,23340.94536894762,20140.672311116945,36.5,Chicago IL,330259.8802957535,158598.71106277095,48.0,270305.75012874603,Cash Cow,5.971760569947093,43.73836054559821,A,Monitor
Tops & Tees,Men,2,2026,734,1292,27605.094752227225,13429.808279307614,729.4913657770801,1106,958,23331.8885095163,20201.022399831836,36.2,Chicago IL,248486.6007578373,109427.07970071632,44.0,204702.05077409744,Cash Cow,4.49313577912333,63.74538445378277,A,Monitor
Shorts,Men,7,1685,596,1089,27341.349355732866,13280.145203981489,721.1869158878504,930,791,23306.471693791427,19858.95760148366,35.4,Philadelphia PA,255821.1708164215,127757.9467316373,49.9,220251.72066402435,Cash Cow,4.625759506335196,59.25224867465944,A,Rebalance allocation by DC
Fashion Hoodies & Sweatshirts,Women,7,1649,596,1053,26432.851280328792,13100.296826730659,739.2876447876448,917,784,23164.488878810498,19677.201657588077,36.1,Philadelphia PA,330259.8802957535,158598.71106277095,48.0,270305.75012874603,Cash Cow,5.971760569947093,43.73836054559821,A,Monitor
Fashion Hoodies & Sweatshirts,Women,6,1536,563,973,27150.199057400903,13171.067026088289,719.3198338525441,834,704,23133.47137201012,19601.237857339744,36.7,Port Authority of New York/New Jersey NY/NJ,330259.8802957535,158598.71106277095,48.0,270305.75012874603,Cash Cow,5.971760569947093,43.73836054559821,A,Monitor
Sleep & Lounge,Men,1,2594,931,1663,27019.559592832542,13278.485233651048,722.885435709933,1417,1225,23071.945294131227,19837.00355711488,35.9,Memphis TN,276096.6707119942,142188.54965713344,51.5,220073.32058119774,Star,4.992381182282991,54.62648916832425,A,Rebalance allocation by DC
Sweaters,Women,8,1265,462,803,26847.114370067302,13074.355810410454,725.59324155194,697,600,23021.329100982788,19548.044812618096,36.5,Mobile AL,432843.970164299,224468.89728997124,51.9,347799.5300254822,Star,7.826686522297975,31.729833347557545,A,Monitor
Shorts,Women,7,1658,590,1068,26181.95225397934,13130.364460746237,732.8,928,800,22988.16675988267,19767.635931299093,35.6,Philadelphia PA,255821.1708164215,127757.9467316373,49.9,220251.72066402435,Cash Cow,4.625759506335196,59.25224867465944,A,Rebalance allocation by DC
Jeans,Women,6,554,194,360,27351.29667140014,13886.845160849045,769.7692307692307,302,264,22913.625022200467,19892.58091928348,35.0,Port Authority of New York/New Jersey NY/NJ,648144.29093647,301161.66306667175,46.5,518090.3007440567,Cash Cow,11.71974784459006,23.90314682525957,A,Rebalance allocation by DC
Active,Men,3,1944,705,1239,25811.749925182106,12640.813015268224,728.7740619902121,1080,903,22674.534330883223,18503.361292575966,36.3,Houston TX,238016.34014725685,138463.49740212064,58.2,194656.21015286446,Star,4.303812481920711,72.39447959849541,A,Monitor
Blazers & Jackets,Women,9,3159,1137,2022,25900.295503795984,12942.773423733659,733.5961923847696,1767,1492,22638.836796781445,19315.81002033888,36.0,Charleston SC,147623.82041454315,91712.77902490456,62.1,121560.37020969391,Problem Child,2.6693345529800787,87.26165669488012,B,Markdown with margin guardrail
Shorts,Women,8,1622,593,1029,25571.95095102777,12896.956181695023,737.1077075098814,896,747,22428.486303950805,18936.74528000284,36.6,Mobile AL,255821.1708164215,127757.9467316373,49.9,220251.72066402435,Cash Cow,4.625759506335196,59.25224867465944,A,Monitor
Active,Men,6,2016,732,1284,26260.6406086235,12928.852989656434,732.7965299684543,1083,938,21988.480497607536,19030.857119143126,36.3,Port Authority of New York/New Jersey NY/NJ,238016.34014725685,138463.49740212064,58.2,194656.21015286446,Star,4.303812481920711,72.39447959849541,A,Monitor
Maternity,Women,2,1506,550,956,24869.32638115573,12652.126114880264,748.9914893617022,846,723,21769.128407509732,18742.745335037827,36.5,Chicago IL,134124.16964530945,74887.34809404462,55.8,113211.47972154617,Problem Child,2.425233809954398,89.68689050483451,B,Markdown with margin guardrail
Dresses,Women,9,2655,964,1691,25253.729353224226,12272.535049451479,737.175975975976,1458,1246,21680.60796206482,18152.469477513947,36.3,Charleston SC,240309.79059791565,132020.39304571736,54.9,191377.90044689178,Star,4.345282662791929,68.09066711657469,A,Monitor
Suits,Women,1,710,258,452,24774.93990633309,11930.852329811325,724.6916099773242,396,329,21666.135349297256,18057.399958142323,36.3,Memphis TN,57931.64006614685,22936.87741349305,39.6,51092.350021362305,Dog,1.0475201637860925,97.09918885586357,C,Markdown with margin guardrail
Outerwear & Coats,Women,8,691,248,443,25364.58104378465,11726.896208494776,696.5558139534884,376,317,21622.075679962214,17946.55225648978,35.9,Mobile AL,673785.8696479797,374046.3253572929,55.5,528526.8398113251,Star,12.183398980669509,12.183398980669509,A,Rebalance allocation by DC
Socks,Men,7,2378,862,1516,24206.463993085013,12835.240916503883,749.4647606382979,1321,1127,21518.41244032021,18590.194254055612,36.2,Philadelphia PA,62907.29004049301,24929.228440416333,39.6,56201.64003133774,Dog,1.1374898879319675,96.05166869207748,C,Markdown with margin guardrail
Outerwear & Coats,Women,6,927,329,598,25220.83735798044,12433.539029687854,721.6326530612245,512,428,21509.396295320257,18257.782824320806,35.5,Port Authority of New York/New Jersey NY/NJ,673785.8696479797,374046.3253572929,55.5,528526.8398113251,Star,12.183398980669509,12.183398980669509,A,Rebalance allocation by DC
Sleep & Lounge,Men,6,1899,679,1220,25311.096203276145,12726.260896165677,747.3984962406015,1049,910,21463.467043243763,18738.632482468234,35.8,Port Authority of New York/New Jersey NY/NJ,276096.6707119942,142188.54965713344,51.5,220073.32058119774,Star,4.992381182282991,54.62648916832425,A,Rebalance allocation by DC
Jeans,Women,1,1180,430,750,24445.24944297172,12271.518052316615,741.1664411366712,645,558,21186.88044319941,18194.577631754313,36.4,Memphis TN,648144.29093647,301161.66306667175,46.5,518090.3007440567,Cash Cow,11.71974784459006,23.90314682525957,A,Monitor
Pants & Capris,Women,2,1386,508,878,24072.553944531825,12247.903906524887,731.522491349481,750,651,20804.954172251368,17892.676069924597,36.7,Chicago IL,96404.74045562744,45649.84707878008,47.4,78036.77029800415,Dog,1.7431909298015382,93.35269755541356,B,Markdown with margin guardrail
Blazers & Jackets,Women,2,987,362,625,24512.985508988764,12151.609371080003,721.2665589660743,530,454,20775.021434808375,17818.0685405718,36.7,Chicago IL,147623.82041454315,91712.77902490456,62.1,121560.37020969391,Problem Child,2.6693345529800787,87.26165669488012,B,Markdown with margin guardrail
Active,Women,2,2368,851,1517,24004.689493575803,12172.55708022956,737.6626666666667,1306,1135,20672.443249589687,18063.81419610422,35.9,Chicago IL,238016.34014725685,138463.49740212064,58.2,194656.21015286446,Star,4.303812481920711,72.39447959849541,A,Rebalance allocation by DC
Plus,Women,8,1228,440,788,23208.697021363496,11602.491998947035,733.3011583011584,688,590,20594.970776320646,17598.583635485717,35.8,Mobile AL,86355.54025483131,43132.80789667264,49.9,67264.9401115179,Dog,1.5614812487319594,94.91417880414552,B,Markdown with margin guardrail
Outerwear & Coats,Women,5,621,225,396,24001.34919259669,11783.937355661672,727.0688775510204,338,284,20338.489886385083,17056.412426133964,36.2,New Orleans LA,673785.8696479797,374046.3253572929,55.5,528526.8398113251,Star,12.183398980669509,12.183398980669509,A,Monitor
Tops & Tees,Men,10,1146,406,740,23036.711987525614,11247.660934762856,718.1308539944904,631,534,20020.002165122227,16910.318732624208,35.4,Savannah GA,248486.6007578373,109427.07970071632,44.0,204702.05077409744,Cash Cow,4.49313577912333,63.74538445378277,A,Rebalance allocation by DC
Suits & Sport Coats,Men,7,836,301,535,23791.86418835835,11364.712029417982,744.8133333333334,462,402,19788.402528869672,17497.396624835685,36.0,Philadelphia PA,333854.94957733154,199611.90367731234,59.8,275422.9497528076,Star,6.036766628093574,37.76659997565112,A,Monitor
Swim,Men,6,1214,439,775,22607.014548656443,11104.429078785459,736.7131578947368,664,568,19405.463440595337,16614.68167482821,36.2,Port Authority of New York/New Jersey NY/NJ,326056.0803012848,159365.4344071027,48.9,274109.7404088974,Cash Cow,5.8957474404430465,49.63410798604126,A,Monitor
Swim,Women,2,1815,656,1159,22978.883783010097,10896.113212607328,701.4741907261592,973,804,19308.718065685745,15873.29896711431,36.1,Chicago IL,326056.0803012848,159365.4344071027,48.9,274109.7404088974,Cash Cow,5.8957474404430465,49.63410798604126,A,Monitor
Maternity,Women,7,1408,506,902,22178.874511088514,11038.557446734092,726.2123595505618,789,653,19296.78995189694,16446.057544529824,35.9,Philadelphia PA,134124.16964530945,74887.34809404462,55.8,113211.47972154617,Problem Child,2.425233809954398,89.68689050483451,B,Markdown with margin guardrail
Accessories,Women,8,1451,522,929,21356.220301782378,11025.107124153405,739.4928961748634,799,684,19023.503303456306,16517.61343690069,36.0,Mobile AL,214661.27991735935,128532.66199487017,59.9,174792.2998701334,Problem Child,3.8815061828184922,84.59232214190004,B,Markdown with margin guardrail
Dresses,Women,7,888,336,552,22935.97171898817,10838.407355657284,700.291743119266,457,398,18859.67249598368,16491.060503606346,37.8,Philadelphia PA,240309.79059791565,132020.39304571736,54.9,191377.90044689178,Star,4.345282662791929,68.09066711657469,A,Monitor
Dresses,Women,10,760,279,481,21752.96732941531,10744.985367606185,727.3697478991596,420,356,18858.668476848656,16077.348830754168,36.7,Savannah GA,240309.79059791565,132020.39304571736,54.9,191377.90044689178,Star,4.345282662791929,68.09066711657469,A,Monitor
Accessories,Women,1,2035,720,1315,21754.010649342144,10702.77632444094,737.4149922720247,1140,955,18753.92404667724,15783.297295778828,35.4,Memphis TN,214661.27991735935,128532.66199487017,59.9,174792.2998701334,Problem Child,3.8815061828184922,84.59232214190004,B,Markdown with margin guardrail
Swim,Women,3,1166,418,748,21624.776515029724,10801.03259757988,735.8163265306123,646,561,18663.16035211779,16146.022962671243,35.8,Houston TX,326056.0803012848,159365.4344071027,48.9,274109.7404088974,Cash Cow,5.8957474404430465,49.63410798604126,A,Rebalance allocation by DC
Sleep & Lounge,Men,8,2245,780,1465,21550.543409460945,10902.237643605782,751.1994421199443,1266,1086,18632.8202216994,16330.262025712427,34.7,Mobile AL,276096.6707119942,142188.54965713344,51.5,220073.32058119774,Star,4.992381182282991,54.62648916832425,A,Rebalance allocation by DC
Active,Women,7,991,361,630,21387.54932769328,11222.297998621612,740.7954545454545,539,464,18570.637865587145,16641.451080087365,36.4,Philadelphia PA,238016.34014725685,138463.49740212064,58.2,194656.21015286446,Star,4.303812481920711,72.39447959849541,A,Monitor
Fashion Hoodies & Sweatshirts,Women,9,2132,775,1357,21370.88740393146,10787.40296706347,741.3781763826607,1179,998,18441.34599671747,15536.640167966232,36.4,Charleston SC,330259.8802957535,158598.71106277095,48.0,270305.75012874603,Cash Cow,5.971760569947093,43.73836054559821,A,Monitor
Pants & Capris,Women,1,986,355,631,22013.518534124887,11153.808438062759,744.9712,532,463,18391.46110463942,16063.908544998243,36.0,Memphis TN,96404.74045562744,45649.84707878008,47.4,78036.77029800415,Dog,1.7431909298015382,93.35269755541356,B,Markdown with margin guardrail
Dresses,Women,4,774,279,495,21157.87283719635,10326.131918605688,766.2721649484536,438,375,18357.639382645182,15378.627802067334,36.0,Los Angeles CA,240309.79059791565,132020.39304571736,54.9,191377.90044689178,Star,4.345282662791929,68.09066711657469,A,Monitor
Socks,Men,2,2868,1033,1835,21241.440503288133,10391.055924030505,730.1743220807969,1583,1355,18294.219747328018,15635.962406497301,36.0,Chicago IL,62907.29004049301,24929.228440416333,39.6,56201.64003133774,Dog,1.1374898879319675,96.05166869207748,C,Markdown with margin guardrail
Underwear,Men,2,2357,851,1506,20923.215546431114,10547.261256888503,751.6445945945947,1310,1135,18206.75276116043,15888.254135269055,36.1,Chicago IL,106327.60012149811,56382.6766645938,53.0,82975.33014774323,Problem Child,1.9226161207775032,91.60950662561201,B,Markdown with margin guardrail
Outerwear & Coats,Men,9,666,246,420,20777.98545868244,10690.07523022787,762.4530120481928,370,321,18191.152376687987,15829.358721253648,36.9,Charleston SC,673785.8696479797,374046.3253572929,55.5,528526.8398113251,Star,12.183398980669509,12.183398980669509,A,Monitor
Shorts,Men,5,1212,449,763,21001.271339175302,10342.281107071442,745.7569721115538,656,566,18091.031651877947,16055.792925275578,37.0,New Orleans LA,255821.1708164215,127757.9467316373,49.9,220251.72066402435,Cash Cow,4.625759506335196,59.25224867465944,A,Monitor
Intimates,Women,5,1759,635,1124,20098.032439536273,9758.532371197995,724.4199095022625,962,818,17326.876989988483,14440.46549198168,36.1,New Orleans LA,235863.64027023315,110396.67692278422,46.8,192076.66029024124,Cash Cow,4.26488735352477,76.65936695202018,A,Monitor
Active,Women,3,910,330,580,19528.00849936016,9812.989183084592,712.5667244367418,506,425,17251.43166990992,14698.867396774982,36.3,Houston TX,238016.34014725685,138463.49740212064,58.2,194656.21015286446,Star,4.303812481920711,72.39447959849541,A,Monitor
Shorts,Men,3,1098,400,698,19520.64750839235,9611.354997773522,732.5421511627907,610,528,17183.94344310695,14784.544521278342,36.4,Houston TX,255821.1708164215,127757.9467316373,49.9,220251.72066402435,Cash Cow,4.625759506335196,59.25224867465944,A,Monitor
Tops & Tees,Men,9,1271,468,803,19556.682254504267,10038.783955318067,747.1639344262295,690,601,17063.82485303736,14776.270058914903,36.8,Charleston SC,248486.6007578373,109427.07970071632,44.0,204702.05077409744,Cash Cow,4.49313577912333,63.74538445378277,A,Monitor
Socks,Men,1,2315,829,1486,19803.374291373046,9801.640412199518,728.4514596062457,1275,1107,17015.594202648877,14884.566860649004,35.8,Memphis TN,62907.29004049301,24929.228440416333,39.6,56201.64003133774,Dog,1.1374898879319675,96.05166869207748,C,Markdown with margin guardrail
Sleep & Lounge,Women,3,1194,438,756,19957.14176230102,10293.348187343558,756.1380697050938,645,557,16917.632346367183,14735.429621298379,36.7,Houston TX,276096.6707119942,142188.54965713344,51.5,220073.32058119774,Star,4.992381182282991,54.62648916832425,A,Monitor
Sweaters,Women,5,1404,505,899,19361.33683456929,9580.067631443384,731.0734463276837,769,658,16748.211604334665,14188.041080581948,36.0,New Orleans LA,432843.970164299,224468.89728997124,51.9,347799.5300254822,Star,7.826686522297975,31.729833347557545,A,Monitor
Outerwear & Coats,Men,10,353,128,225,20920.443542579356,10086.105936099224,748.0904977375566,188,166,16650.04358975064,14872.909446326781,36.3,Savannah GA,673785.8696479797,374046.3253572929,55.5,528526.8398113251,Star,12.183398980669509,12.183398980669509,A,Monitor
Socks,Men,3,2769,1004,1765,19206.41213880925,9807.973245540672,746.5120412844037,1524,1327,16598.671446816028,14481.385580080369,36.3,Houston TX,62907.29004049301,24929.228440416333,39.6,56201.64003133774,Dog,1.1374898879319675,96.05166869207748,C,Markdown with margin guardrail
Underwear,Men,1,2519,911,1608,19149.979647632907,9523.289060098186,736.5293005671077,1388,1189,16554.4980388533,14193.907301740615,36.2,Memphis TN,106327.60012149811,56382.6766645938,53.0,82975.33014774323,Problem Child,1.9226161207775032,91.60950662561201,B,Markdown with margin guardrail
Sleep & Lounge,Women,6,996,361,635,18908.000401692803,9851.790949385315,761.9261637239165,554,485,16475.649777094666,14436.639245241751,36.2,Port Authority of New York/New Jersey NY/NJ,276096.6707119942,142188.54965713344,51.5,220073.32058119774,Star,4.992381182282991,54.62648916832425,A,Monitor
Suits,Women,7,399,145,254,18925.14843255423,9522.54935150088,758.3185483870968,221,191,16389.004650576902,14035.390487216004,36.3,Philadelphia PA,57931.64006614685,22936.87741349305,39.6,51092.350021362305,Dog,1.0475201637860925,97.09918885586357,C,Monitor
Maternity,Women,8,1303,473,830,19299.332927173975,9086.813689669505,709.2888616891065,701,601,16295.230192032965,13701.605323830658,36.3,Mobile AL,134124.16964530945,74887.34809404462,55.8,113211.47972154617,Problem Child,2.425233809954398,89.68689050483451,B,Monitor
Accessories,Women,3,1325,465,860,18859.745961684643,9374.370003831325,739.8035294117647,741,642,16125.50319824889,14472.337607372127,35.1,Houston TX,214661.27991735935,128532.66199487017,59.9,174792.2998701334,Problem Child,3.8815061828184922,84.59232214190004,B,Monitor
Shorts,Men,2,1276,465,811,18433.3394057823,8995.987813309137,717.6832298136646,706,600,16035.67127209109,13651.258075243495,36.4,Chicago IL,255821.1708164215,127757.9467316373,49.9,220251.72066402435,Cash Cow,4.625759506335196,59.25224867465944,A,Monitor
Shorts,Men,10,646,235,411,18104.57725264699,8206.907179495905,727.0196078431372,353,309,15980.874834535969,13928.563099480682,36.4,Savannah GA,255821.1708164215,127757.9467316373,49.9,220251.72066402435,Cash Cow,4.625759506335196,59.25224867465944,A,Monitor
Maternity,Women,9,1343,507,836,18396.71274207263,9220.337973600099,734.6962785114046,729,634,15905.623664589148,13830.54087504527,37.8,Charleston SC,134124.16964530945,74887.34809404462,55.8,113211.47972154617,Problem Child,2.425233809954398,89.68689050483451,B,Monitor
Swim,Women,6,1242,435,807,18771.032393037258,8970.351037998495,718.8404522613065,687,587,15893.815662894476,13460.056162066903,35.0,Port Authority of New York/New Jersey NY/NJ,326056.0803012848,159365.4344071027,48.9,274109.7404088974,Cash Cow,5.8957474404430465,49.63410798604126,A,Rebalance allocation by DC
Fashion Hoodies & Sweatshirts,Women,8,1333,480,853,18485.865634787846,9112.690048227922,745.7595238095238,740,647,15774.888507297372,13789.790462370342,36.0,Mobile AL,330259.8802957535,158598.71106277095,48.0,270305.75012874603,Cash Cow,5.971760569947093,43.73836054559821,A,Monitor
Fashion Hoodies & Sweatshirts,Women,4,1207,442,765,18556.893535206364,8874.126391283136,704.7457180500659,655,562,15764.000353931535,13597.285658742689,36.6,Los Angeles CA,330259.8802957535,158598.71106277095,48.0,270305.75012874603,Cash Cow,5.971760569947093,43.73836054559821,A,Monitor
Swim,Women,8,1342,481,861,18210.452724939918,9070.251129661288,729.1315165876778,739,636,15759.694180024542,13607.380906095828,35.8,Mobile AL,326056.0803012848,159365.4344071027,48.9,274109.7404088974,Cash Cow,5.8957474404430465,49.63410798604126,A,Rebalance allocation by DC
Accessories,Men,3,1936,701,1235,18338.41918735087,9015.786954802928,736.8488085456039,1064,910,15579.947760321538,13543.096651857884,36.2,Houston TX,214661.27991735935,128532.66199487017,59.9,174792.2998701334,Problem Child,3.8815061828184922,84.59232214190004,B,Monitor
Pants & Capris,Women,9,1348,480,868,18560.48232504741,9147.673806827393,738.0329024676851,732,630,15491.825482164171,13246.517264890557,35.6,Charleston SC,96404.74045562744,45649.84707878008,47.4,78036.77029800415,Dog,1.7431909298015382,93.35269755541356,B,Monitor
Skirts,Women,3,787,284,503,17786.494833230943,8864.27455167206,768.6854838709677,447,378,15247.855499005082,12908.072134651591,36.1,Houston TX,57085.270092487335,34356.13413340037,60.2,48672.100103378296,Problem Child,1.032216098297542,98.13140495416111,C,Monitor
Tops & Tees,Women,6,1313,477,836,17506.241610241574,8603.007215985894,732.4096385542168,727,628,15194.195510555757,13023.593638122025,36.3,Port Authority of New York/New Jersey NY/NJ,248486.6007578373,109427.07970071632,44.0,204702.05077409744,Cash Cow,4.49313577912333,63.74538445378277,A,Monitor
Maternity,Women,5,1037,379,658,17479.74751785108,8584.308043350511,721.117199391172,570,476,15137.493660063707,12585.578179057062,36.5,New Orleans LA,134124.16964530945,74887.34809404462,55.8,113211.47972154617,Problem Child,2.425233809954398,89.68689050483451,B,Monitor
Tops & Tees,Women,2,1041,379,662,17064.354976733557,8721.34254843435,745.358231707317,577,499,14997.98492573814,13099.33442356779,36.4,Chicago IL,248486.6007578373,109427.07970071632,44.0,204702.05077409744,Cash Cow,4.49313577912333,63.74538445378277,A,Monitor
Fashion Hoodies & Sweatshirts,Men,5,942,346,596,16888.895867137035,8509.758147194127,748.1745762711864,529,452,14924.505684326641,12703.311995190217,36.7,New Orleans LA,330259.8802957535,158598.71106277095,48.0,270305.75012874603,Cash Cow,5.971760569947093,43.73836054559821,A,Monitor
Sleep & Lounge,Men,4,1972,729,1243,16732.092404522482,8090.737598261447,725.2340946166395,1080,912,14590.372344908987,12193.281692998287,37.0,Los Angeles CA,276096.6707119942,142188.54965713344,51.5,220073.32058119774,Star,4.992381182282991,54.62648916832425,A,Monitor
Pants & Capris,Women,5,1017,363,654,16558.562391174273,8837.450696955866,770.7628705148206,569,490,14587.77589432976,12541.16265377693,35.7,New Orleans LA,96404.74045562744,45649.84707878008,47.4,78036.77029800415,Dog,1.7431909298015382,93.35269755541356,B,Monitor
Jeans,Women,3,633,231,402,16948.818468793397,8318.24296476393,707.0810126582278,340,284,14581.545211135635,12444.825374414431,36.5,Houston TX,648144.29093647,301161.66306667175,46.5,518090.3007440567,Cash Cow,11.71974784459006,23.90314682525957,A,Monitor
Swim,Men,10,691,248,443,16407.343620617714,8312.887391666238,746.6146788990826,389,342,14513.021544640778,12884.19715963272,35.9,Savannah GA,326056.0803012848,159365.4344071027,48.9,274109.7404088974,Cash Cow,5.8957474404430465,49.63410798604126,A,Rebalance allocation by DC
Swim,Men,2,873,316,557,16717.00668700435,8271.980539267854,736.2826086956521,488,420,14500.18415719995,12426.132995762939,36.2,Chicago IL,326056.0803012848,159365.4344071027,48.9,274109.7404088974,Cash Cow,5.8957474404430465,49.63410798604126,A,Monitor
Active,Women,4,1059,378,681,16629.29283696581,7905.008887665813,730.7316341829086,577,498,14341.065684274974,12237.740963788572,35.7,Los Angeles CA,238016.34014725685,138463.49740212064,58.2,194656.21015286446,Star,4.303812481920711,72.39447959849541,A,Rebalance allocation by DC
Shorts,Women,1,1322,486,836,16074.854053236359,8103.6019257794715,740.0844390832328,739,626,14290.000619431461,12103.105075285628,36.8,Memphis TN,255821.1708164215,127757.9467316373,49.9,220251.72066402435,Cash Cow,4.625759506335196,59.25224867465944,A,Monitor
Intimates,Women,7,1006,362,644,16208.349303172658,7831.405772446412,747.1327014218009,553,484,14168.594603162235,13021.441928625714,36.0,Philadelphia PA,235863.64027023315,110396.67692278422,46.8,192076.66029024124,Cash Cow,4.26488735352477,76.65936695202018,A,Monitor
Swim,Men,3,783,283,500,16574.99782028652,8362.554735437863,755.890243902439,431,366,14109.590447909479,11807.901329646003,36.1,Houston TX,326056.0803012848,159365.4344071027,48.9,274109.7404088974,Cash Cow,5.8957474404430465,49.63410798604126,A,Monitor
Tops & Tees,Women,5,1133,395,738,16296.395756487102,8170.582118834129,742.8141470180306,629,540,14066.948590787826,12108.578058829318,34.9,New Orleans LA,248486.6007578373,109427.07970071632,44.0,204702.05077409744,Cash Cow,4.49313577912333,63.74538445378277,A,Rebalance allocation by DC
Leggings,Women,1,1556,556,1000,16344.697939460073,7475.447529117243,733.1262626262626,885,749,13997.657234029246,11433.538410335663,35.7,Memphis TN,43147.80995130539,17257.552431487587,40.0,34384.83995056152,Dog,0.7801988843332401,98.91160383849436,C,Monitor
Shorts,Women,3,1180,428,752,15915.431799190548,7964.198132880069,750.222972972973,652,550,13681.76405798072,11503.834420224359,36.3,Houston TX,255821.1708164215,127757.9467316373,49.9,220251.72066402435,Cash Cow,4.625759506335196,59.25224867465944,A,Monitor
Socks,Men,6,2208,794,1414,15530.09582504516,7765.981506527946,750.4325681492109,1245,1044,13572.688030541824,11367.177477712385,36.0,Port Authority of New York/New Jersey NY/NJ,62907.29004049301,24929.228440416333,39.6,56201.64003133774,Dog,1.1374898879319675,96.05166869207748,C,Monitor
Active,Men,10,1047,365,682,15413.312942157923,8430.79877602942,762.0492537313432,601,522,13523.432743646748,12130.150242329093,34.9,Savannah GA,238016.34014725685,138463.49740212064,58.2,194656.21015286446,Star,4.303812481920711,72.39447959849541,A,Rebalance allocation by DC
Socks,Men,10,587,207,380,15083.766482465026,7433.043463716519,773.4932975871313,332,288,13519.260051121702,10827.73804543009,35.3,Savannah GA,62907.29004049301,24929.228440416333,39.6,56201.64003133774,Dog,1.1374898879319675,96.05166869207748,C,Monitor
Active,Men,4,1474,531,943,15058.33691886597,7808.398433438097,757.3036480686695,832,717,13300.553900865612,11563.88275928123,36.0,Los Angeles CA,238016.34014725685,138463.49740212064,58.2,194656.21015286446,Star,4.303812481920711,72.39447959849541,A,Monitor
Plus,Women,5,1730,619,1111,15475.788211883691,7596.5275534302,724.9627611262489,954,810,13263.122798495586,11352.326540376574,35.8,New Orleans LA,86355.54025483131,43132.80789667264,49.9,67264.9401115179,Dog,1.5614812487319594,94.91417880414552,B,Monitor
Blazers & Jackets,Women,5,372,121,251,15456.630639704565,7781.413607964536,757.7768595041322,215,183,13241.348476714793,11121.61414630964,32.5,New Orleans LA,147623.82041454315,91712.77902490456,62.1,121560.37020969391,Problem Child,2.6693345529800787,87.26165669488012,B,Monitor
Shorts,Women,2,1252,459,793,14894.651779186046,7442.389626212294,723.175796178344,696,591,13160.354340530252,11205.863519600296,36.7,Chicago IL,255821.1708164215,127757.9467316373,49.9,220251.72066402435,Cash Cow,4.625759506335196,59.25224867465944,A,Monitor
Pants,Men,9,2086,751,1335,14802.995176505734,7452.125674021178,747.0152905198777,1167,990,13058.673006107074,11108.892410195851,36.0,Charleston SC,224059.73053073883,121250.22365331609,54.1,181952.95076560974,Star,4.051449007061368,80.71081595908154,B,Monitor
Outerwear & Coats,Women,9,603,222,381,14595.490139661122,7789.002466295495,768.3597883597884,329,310,12921.837544919876,12114.283140695876,36.8,Charleston SC,673785.8696479797,374046.3253572929,55.5,528526.8398113251,Star,12.183398980669509,12.183398980669509,A,Monitor
Pants & Capris,Women,7,639,230,409,14561.592233329413,7192.909098144128,745.9456790123456,352,303,12807.127022170484,10236.799718160371,36.0,Philadelphia PA,96404.74045562744,45649.84707878008,47.4,78036.77029800415,Dog,1.7431909298015382,93.35269755541356,B,Monitor
Maternity,Women,1,1155,411,744,14652.49864714909,7547.721156544893,766.8782489740082,645,567,12718.409980946219,11253.110535543738,35.6,Memphis TN,134124.16964530945,74887.34809404462,55.8,113211.47972154617,Problem Child,2.425233809954398,89.68689050483451,B,Monitor
Shorts,Women,4,1114,406,708,14009.698183944072,7055.389896783713,736.6217765042979,615,535,12438.106564057814,10909.473055460465,36.4,Los Angeles CA,255821.1708164215,127757.9467316373,49.9,220251.72066402435,Cash Cow,4.625759506335196,59.25224867465944,A,Monitor
Sleep & Lounge,Women,4,790,281,509,14483.128438308831,7407.523245475579,746.8187250996016,433,370,12428.159072501237,10637.991357113524,35.6,Los Angeles CA,276096.6707119942,142188.54965713344,51.5,220073.32058119774,Star,4.992381182282991,54.62648916832425,A,Rebalance allocation by DC
Shorts,Women,10,1094,386,708,14272.227724002712,7109.927288533588,728.4863309352518,609,519,12305.7811575007,10502.928861544087,35.3,Savannah GA,255821.1708164215,127757.9467316373,49.9,220251.72066402435,Cash Cow,4.625759506335196,59.25224867465944,A,Rebalance allocation by DC
Maternity,Women,6,677,246,431,14016.716653226244,7345.838223800345,762.2688679245283,371,323,12284.19311617274,10639.25185687301,36.3,Port Authority of New York/New Jersey NY/NJ,134124.16964530945,74887.34809404462,55.8,113211.47972154617,Problem Child,2.425233809954398,89.68689050483451,B,Monitor
Skirts,Women,1,842,298,544,14295.338262111678,7155.772316909286,751.7992424242424,468,404,12230.384036243646,10659.135861031647,35.4,Memphis TN,57085.270092487335,34356.13413340037,60.2,48672.100103378296,Problem Child,1.032216098297542,98.13140495416111,C,Monitor
Tops & Tees,Men,5,829,287,542,14451.80327759955,7082.901147477018,713.3875236294896,457,392,12204.864746380623,10701.881119722095,34.6,New Orleans LA,248486.6007578373,109427.07970071632,44.0,204702.05077409744,Cash Cow,4.49313577912333,63.74538445378277,A,Rebalance allocation by DC
Sleep & Lounge,Women,5,1277,465,812,13774.234194141032,7264.326177818443,768.4347826086956,714,622,12144.96025743967,10742.09519061879,36.4,New Orleans LA,276096.6707119942,142188.54965713344,51.5,220073.32058119774,Star,4.992381182282991,54.62648916832425,A,Monitor
Fashion Hoodies & Sweatshirts,Women,3,643,231,412,14118.642789399893,6995.490387583298,729.9034653465346,353,303,12102.42473123363,10492.092502702853,35.9,Houston TX,330259.8802957535,158598.71106277095,48.0,270305.75012874603,Cash Cow,5.971760569947093,43.73836054559821,A,Rebalance allocation by DC
Swim,Women,7,641,235,406,13543.430788389856,6830.178905342946,736.7171215880893,356,305,11924.583174568146,10254.428240611023,36.7,Philadelphia PA,326056.0803012848,159365.4344071027,48.9,274109.7404088974,Cash Cow,5.8957474404430465,49.63410798604126,A,Monitor
Sweaters,Women,10,534,190,344,13721.441611673836,6946.7692531685625,744.3126843657817,296,263,11878.824788306481,10562.213805588746,35.6,Savannah GA,432843.970164299,224468.89728997124,51.9,347799.5300254822,Star,7.826686522297975,31.729833347557545,A,Rebalance allocation by DC
Plus,Women,7,780,280,500,13014.199914406025,6330.889316768092,718.2672064777328,432,373,11822.398351046153,10168.58377624436,35.9,Philadelphia PA,86355.54025483131,43132.80789667264,49.9,67264.9401115179,Dog,1.5614812487319594,94.91417880414552,B,Monitor
Active,Men,7,1048,372,676,14083.981007228334,6985.23777901245,741.3695324283559,567,493,11688.025853013003,10130.707603806408,35.5,Philadelphia PA,238016.34014725685,138463.49740212064,58.2,194656.21015286446,Star,4.303812481920711,72.39447959849541,A,Rebalance allocation by DC
Pants & Capris,Women,8,664,241,423,13531.396439758495,6745.398342172831,755.0959232613909,369,312,11686.00928858945,9908.185404149424,36.3,Mobile AL,96404.74045562744,45649.84707878008,47.4,78036.77029800415,Dog,1.7431909298015382,93.35269755541356,B,Monitor
Suits & Sport Coats,Men,9,1197,432,765,13551.956572904044,6162.466694181979,716.0463576158941,666,567,11653.049503741497,9650.29825039377,36.1,Charleston SC,333854.94957733154,199611.90367731234,59.8,275422.9497528076,Star,6.036766628093574,37.76659997565112,A,Monitor
Sleep & Lounge,Women,10,834,302,532,13532.158785443633,6733.147790190981,732.3212927756654,452,392,11586.925338220786,10067.111856594576,36.2,Savannah GA,276096.6707119942,142188.54965713344,51.5,220073.32058119774,Star,4.992381182282991,54.62648916832425,A,Monitor
Tops & Tees,Women,10,613,215,398,13449.413182179098,6528.081573602814,722.6476683937824,337,288,11554.995324691994,9944.147403378305,35.1,Savannah GA,248486.6007578373,109427.07970071632,44.0,204702.05077409744,Cash Cow,4.49313577912333,63.74538445378277,A,Rebalance allocation by DC
Sweaters,Women,9,915,335,580,13903.080707184856,6611.664662210772,736.4982517482517,497,425,11519.092660651544,9647.898084105027,36.6,Charleston SC,432843.970164299,224468.89728997124,51.9,347799.5300254822,Star,7.826686522297975,31.729833347557545,A,Monitor
Sleep & Lounge,Men,3,1225,452,773,13174.47865188955,6764.763757528923,752.3803921568627,673,587,11450.545012383329,10063.159336035187,36.9,Houston TX,276096.6707119942,142188.54965713344,51.5,220073.32058119774,Star,4.992381182282991,54.62648916832425,A,Monitor
Leggings,Women,2,1684,613,1071,12891.774731150725,6416.049640807121,737.0796208530805,944,786,11421.76559358477,9469.629167800997,36.4,Chicago IL,43147.80995130539,17257.552431487587,40.0,34384.83995056152,Dog,0.7801988843332401,98.91160383849436,C,Monitor
Accessories,Men,1,2184,800,1384,13232.670073913376,6553.564072522913,729.1720351390923,1199,1020,11416.142626113473,9721.180017391358,36.6,Memphis TN,214661.27991735935,128532.66199487017,59.9,174792.2998701334,Problem Child,3.8815061828184922,84.59232214190004,B,Monitor
Shorts,Women,9,1806,667,1139,13032.178354951171,6500.170394719723,737.781914893617,997,841,11385.117489963077,9654.022288991751,36.9,Charleston SC,255821.1708164215,127757.9467316373,49.9,220251.72066402435,Cash Cow,4.625759506335196,59.25224867465944,A,Monitor
Maternity,Women,4,830,293,537,13138.267669496754,6283.147846838092,714.1377358490566,465,381,11367.349728109806,9162.21284507197,35.3,Los Angeles CA,134124.16964530945,74887.34809404462,55.8,113211.47972154617,Problem Child,2.425233809954398,89.68689050483451,B,Monitor
Active,Men,9,1272,462,810,12766.643965106397,6549.260166049415,744.0112923462987,703,601,11169.911967638984,9594.987134903533,36.3,Charleston SC,238016.34014725685,138463.49740212064,58.2,194656.21015286446,Star,4.303812481920711,72.39447959849541,A,Monitor
Sleep & Lounge,Women,8,870,309,561,12660.426674016235,6525.435464170409,757.1826401446655,484,412,11023.057825073502,9386.167207198321,35.5,Mobile AL,276096.6707119942,142188.54965713344,51.5,220073.32058119774,Star,4.992381182282991,54.62648916832425,A,Rebalance allocation by DC
Sweaters,Women,7,1206,440,766,12820.138706269097,6153.294746166372,717.3615894039735,648,541,10802.26398197872,8962.010016171842,36.5,Philadelphia PA,432843.970164299,224468.89728997124,51.9,347799.5300254822,Star,7.826686522297975,31.729833347557545,A,Monitor
Shorts,Women,6,717,265,452,12689.130310540815,5835.396203490652,676.8641425389756,385,315,10777.678113166487,8633.158596764039,37.0,Port Authority of New York/New Jersey NY/NJ,255821.1708164215,127757.9467316373,49.9,220251.72066402435,Cash Cow,4.625759506335196,59.25224867465944,A,Monitor
Active,Women,6,1011,371,640,12195.536256525202,6305.604944253324,771.3730158730159,564,489,10725.319740262035,9163.341243889116,36.7,Port Authority of New York/New Jersey NY/NJ,238016.34014725685,138463.49740212064,58.2,194656.21015286446,Star,4.303812481920711,72.39447959849541,A,Monitor
Leggings,Women,10,659,246,413,12252.386918352233,5982.033934277577,718.539408866995,349,295,10648.738984841284,8939.758430121445,37.3,Savannah GA,43147.80995130539,17257.552431487587,40.0,34384.83995056152,Dog,0.7801988843332401,98.91160383849436,C,Monitor
Tops & Tees,Women,4,963,345,618,11901.65756717889,6097.080364065475,743.8129139072847,527,451,10294.345473167736,8876.616235482825,35.8,Los Angeles CA,248486.6007578373,109427.07970071632,44.0,204702.05077409744,Cash Cow,4.49313577912333,63.74538445378277,A,Rebalance allocation by DC
Swim,Women,9,373,133,240,11149.370099216132,5722.730893845164,744.7257383966245,210,178,10027.677444947232,8299.602525497126,35.7,Charleston SC,326056.0803012848,159365.4344071027,48.9,274109.7404088974,Cash Cow,5.8957474404430465,49.63410798604126,A,Rebalance allocation by DC
Fashion Hoodies & Sweatshirts,Women,5,1015,370,645,11594.401165935178,5744.7813108962,727.2087912087912,549,480,9976.855234894998,8839.718534284404,36.5,New Orleans LA,330259.8802957535,158598.71106277095,48.0,270305.75012874603,Cash Cow,5.971760569947093,43.73836054559821,A,Monitor
Blazers & Jackets,Women,6,312,107,205,10875.803109224658,5585.2990039038095,760.0049751243781,184,164,9861.386527777317,8652.364837639234,34.3,Port Authority of New York/New Jersey NY/NJ,147623.82041454315,91712.77902490456,62.1,121560.37020969391,Problem Child,2.6693345529800787,87.26165669488012,B,Monitor
Plus,Women,1,1059,395,664,11196.329932095727,5745.7333845786015,752.5659509202454,581,494,9748.630197026285,8529.556511690986,37.3,Memphis TN,86355.54025483131,43132.80789667264,49.9,67264.9401115179,Dog,1.5614812487319594,94.91417880414552,B,Monitor
Plus,Women,3,1230,449,781,11122.058776167067,5567.578700176117,746.075422626788,679,579,9727.388369150089,8247.335156798175,36.5,Houston TX,86355.54025483131,43132.80789667264,49.9,67264.9401115179,Dog,1.5614812487319594,94.91417880414552,B,Monitor
Socks & Hosiery,Women,2,2615,939,1676,10826.359267428614,5388.364188977522,741.5188794153471,1439,1233,9415.001278910047,8028.0383937983825,35.9,Chicago IL,31628.78996181488,18966.927522410577,60.0,27134.82995724678,Problem Child,0.571911915549535,99.48351575404389,C,Monitor
Sweaters,Women,6,756,273,483,10604.202685476925,5468.409470813091,769.3494736842106,418,373,9367.992774285303,8058.087901128603,36.1,Port Authority of New York/New Jersey NY/NJ,432843.970164299,224468.89728997124,51.9,347799.5300254822,Star,7.826686522297975,31.729833347557545,A,Monitor
Sleep & Lounge,Women,9,467,171,296,10473.27290539549,5150.258219157891,733.5257731958762,260,226,9309.099054014707,7976.884733017624,36.6,Charleston SC,276096.6707119942,142188.54965713344,51.5,220073.32058119774,Star,4.992381182282991,54.62648916832425,A,Monitor
Tops & Tees,Women,8,809,292,517,10443.044063781568,5317.43157753575,737.373046875,453,393,9241.345125195867,8073.782427014958,36.1,Mobile AL,248486.6007578373,109427.07970071632,44.0,204702.05077409744,Cash Cow,4.49313577912333,63.74538445378277,A,Monitor
Swim,Men,7,538,189,349,10637.323550626666,5377.46918574959,743.6329479768787,301,251,9160.942367882928,7610.274106711725,35.1,Philadelphia PA,326056.0803012848,159365.4344071027,48.9,274109.7404088974,Cash Cow,5.8957474404430465,49.63410798604126,A,Rebalance allocation by DC
Tops & Tees,Women,9,1769,636,1133,10729.946616218216,5307.537013809328,748.9241071428571,989,866,9145.867279826669,8077.70446915026,36.0,Charleston SC,248486.6007578373,109427.07970071632,44.0,204702.05077409744,Cash Cow,4.49313577912333,63.74538445378277,A,Monitor
Blazers & Jackets,Women,10,224,82,142,10224.347475520637,5404.23662773403,763.7285714285714,124,103,9062.768538309543,7682.276021166522,36.6,Savannah GA,147623.82041454315,91712.77902490456,62.1,121560.37020969391,Problem Child,2.6693345529800787,87.26165669488012,B,Monitor
Underwear,Men,9,1385,502,883,10586.062663229715,5115.216835569102,713.3908045977012,758,649,9051.874900801364,7770.662099175585,36.2,Charleston SC,106327.60012149811,56382.6766645938,53.0,82975.33014774323,Problem Child,1.9226161207775032,91.60950662561201,B,Monitor
Shorts,Women,5,813,303,510,10376.368462641083,5030.8215556742525,726.7956349206349,444,365,8964.676118143838,7352.936847751483,37.3,New Orleans LA,255821.1708164215,127757.9467316373,49.9,220251.72066402435,Cash Cow,4.625759506335196,59.25224867465944,A,Monitor
Suits,Women,2,176,64,112,10205.151134900736,5156.457547677578,738.1517857142857,99,84,8944.96341623651,7571.522630264093,36.4,Chicago IL,57931.64006614685,22936.87741349305,39.6,51092.350021362305,Dog,1.0475201637860925,97.09918885586357,C,Monitor
Leggings,Women,4,881,325,556,10199.154287220392,4908.727834854738,718.0018148820327,477,411,8763.916768103545,7566.462661158833,36.9,Los Angeles CA,43147.80995130539,17257.552431487587,40.0,34384.83995056152,Dog,0.7801988843332401,98.91160383849436,C,Monitor
Blazers & Jackets,Women,7,496,179,317,9870.471741085079,4981.87677664381,737.0094936708861,279,238,8746.06782018332,7555.596162854101,36.1,Philadelphia PA,147623.82041454315,91712.77902490456,62.1,121560.37020969391,Problem Child,2.6693345529800787,87.26165669488012,B,Monitor
Tops & Tees,Women,7,804,286,518,9808.070246144707,4848.766397651906,723.9961165048544,454,386,8658.197295492166,7413.672676949172,35.6,Philadelphia PA,248486.6007578373,109427.07970071632,44.0,204702.05077409744,Cash Cow,4.49313577912333,63.74538445378277,A,Rebalance allocation by DC
Jeans,Men,9,360,132,228,10394.196891405503,4678.276006697499,655.3955555555556,190,150,8651.83289056006,6852.61613324294,36.7,Charleston SC,648144.29093647,301161.66306667175,46.5,518090.3007440567,Cash Cow,11.71974784459006,23.90314682525957,A,Monitor
Pants & Capris,Women,10,537,196,341,9656.691981147007,4869.36312064919,737.3333333333334,302,265,8625.424331498083,7590.937269843866,36.5,Savannah GA,96404.74045562744,45649.84707878008,47.4,78036.77029800415,Dog,1.7431909298015382,93.35269755541356,B,Monitor
Dresses,Women,6,369,134,235,9602.031455018663,4821.48759425721,758.534188034188,212,175,8527.307617678363,7055.5698760475625,36.3,Port Authority of New York/New Jersey NY/NJ,240309.79059791565,132020.39304571736,54.9,191377.90044689178,Star,4.345282662791929,68.09066711657469,A,Monitor
Pants & Capris,Women,4,612,221,391,9035.655053958473,4782.559764760544,768.9100257069409,350,309,8172.175970617532,7275.622961280148,36.1,Los Angeles CA,96404.74045562744,45649.84707878008,47.4,78036.77029800415,Dog,1.7431909298015382,93.35269755541356,B,Monitor
Accessories,Men,5,911,326,585,9521.93579200277,4765.310037116323,723.4982698961937,499,440,8090.058133484642,7150.418885078852,35.8,New Orleans LA,214661.27991735935,128532.66199487017,59.9,174792.2998701334,Problem Child,3.8815061828184922,84.59232214190004,B,Monitor
Accessories,Men,10,1106,405,701,9391.964883517605,4776.356445545488,767.2774566473988,609,534,8049.455552130384,6905.658095384576,36.6,Savannah GA,214661.27991735935,128532.66199487017,59.9,174792.2998701334,Problem Child,3.8815061828184922,84.59232214190004,B,Monitor
Suits,Women,10,190,65,125,9220.358276900832,4518.9128787148675,730.6178861788618,108,91,7950.366573358093,6716.6368332383845,34.2,Savannah GA,57931.64006614685,22936.87741349305,39.6,51092.350021362305,Dog,1.0475201637860925,97.09918885586357,C,Monitor
Plus,Women,6,897,322,575,8682.815000099403,4386.431912557937,746.821238938053,499,433,7481.157165336429,6524.25263361735,35.9,Port Authority of New York/New Jersey NY/NJ,86355.54025483131,43132.80789667264,49.9,67264.9401115179,Dog,1.5614812487319594,94.91417880414552,B,Monitor
Accessories,Men,4,1453,529,924,8393.522288367803,4124.974007674019,734.0417124039517,804,678,7344.342361440277,6247.506262755691,36.4,Los Angeles CA,214661.27991735935,128532.66199487017,59.9,174792.2998701334,Problem Child,3.8815061828184922,84.59232214190004,B,Monitor
Leggings,Women,5,705,250,455,8478.536218625934,4331.286129281095,736.2172949002218,386,333,7316.6710906279895,6334.737138016322,35.5,New Orleans LA,43147.80995130539,17257.552431487587,40.0,34384.83995056152,Dog,0.7801988843332401,98.91160383849436,C,Monitor
Blazers & Jackets,Women,8,464,163,301,8422.95142046428,4250.162358137215,745.6779661016949,262,221,7272.250801329129,6367.4073237172925,35.1,Mobile AL,147623.82041454315,91712.77902490456,62.1,121560.37020969391,Problem Child,2.6693345529800787,87.26165669488012,B,Monitor
Accessories,Men,7,1478,536,942,8190.827746891897,4140.6942902838055,757.8894907908992,824,714,7139.743501062506,6197.564457480226,36.3,Philadelphia PA,214661.27991735935,128532.66199487017,59.9,174792.2998701334,Problem Child,3.8815061828184922,84.59232214190004,B,Monitor
Skirts,Women,5,721,263,458,7994.375474994956,3830.186519221309,709.7615894039735,392,333,7007.578937274572,5728.214520254267,36.5,New Orleans LA,57085.270092487335,34356.13413340037,60.2,48672.100103378296,Problem Child,1.032216098297542,98.13140495416111,C,Monitor
Active,Women,8,398,145,253,8125.083439548021,3679.082971708655,680.0239043824702,219,177,6970.780582269568,5556.599158698697,36.4,Mobile AL,238016.34014725685,138463.49740212064,58.2,194656.21015286446,Star,4.303812481920711,72.39447959849541,A,Monitor
Sleep & Lounge,Men,10,674,249,425,7904.139688321066,3909.6890991441246,738.4377990430622,370,309,6860.82893426495,5635.247816289526,36.9,Savannah GA,276096.6707119942,142188.54965713344,51.5,220073.32058119774,Star,4.992381182282991,54.62648916832425,A,Monitor
Socks,Men,8,1227,434,793,7738.779857895195,3835.95062921876,735.4732142857143,694,580,6855.057309789059,5679.3695452806605,35.4,Mobile AL,62907.29004049301,24929.228440416333,39.6,56201.64003133774,Dog,1.1374898879319675,96.05166869207748,C,Monitor
Underwear,Men,5,1028,366,662,8121.800188721757,4255.883977505778,755.2511485451761,564,503,6854.447293476011,6108.406126979321,35.6,New Orleans LA,106327.60012149811,56382.6766645938,53.0,82975.33014774323,Problem Child,1.9226161207775032,91.60950662561201,B,Monitor
Jeans,Women,9,281,104,177,8026.298124997324,3695.5523539571395,691.2840909090909,149,123,6825.396624038847,5526.204803132372,37.0,Charleston SC,648144.29093647,301161.66306667175,46.5,518090.3007440567,Cash Cow,11.71974784459006,23.90314682525957,A,Monitor
Fashion Hoodies & Sweatshirts,Women,10,447,158,289,7317.341905814683,3756.2169546481323,759.0140845070423,254,219,6565.72043027699,5744.376535163786,35.3,Savannah GA,330259.8802957535,158598.71106277095,48.0,270305.75012874603,Cash Cow,5.971760569947093,43.73836054559821,A,Rebalance allocation by DC
Suits,Women,4,219,76,143,7333.029733799643,3788.3968069275056,764.5571428571428,125,107,6475.413416319246,5525.254234281341,34.7,Los Angeles CA,57931.64006614685,22936.87741349305,39.6,51092.350021362305,Dog,1.0475201637860925,97.09918885586357,C,Monitor
Plus,Women,9,665,241,424,6817.628950255758,3655.6717582002107,759.4038004750594,386,321,6470.169142762836,5461.480273941337,36.2,Charleston SC,86355.54025483131,43132.80789667264,49.9,67264.9401115179,Dog,1.5614812487319594,94.91417880414552,B,Monitor
Plus,Women,4,842,304,538,7457.204336274747,3802.9310271712266,782.9094339622642,478,412,6464.950208073865,5574.036177644991,36.1,Los Angeles CA,86355.54025483131,43132.80789667264,49.9,67264.9401115179,Dog,1.5614812487319594,94.91417880414552,B,Monitor
Socks,Men,4,1269,473,796,7318.252765793454,3623.419525043211,732.8,693,585,6416.168179623967,5396.5090755503425,37.3,Los Angeles CA,62907.29004049301,24929.228440416333,39.6,56201.64003133774,Dog,1.1374898879319675,96.05166869207748,C,Monitor
Skirts,Women,2,560,209,351,7581.13800903752,3772.935193052767,739.6773255813954,295,261,6408.3981812171605,5811.397422117383,37.3,Chicago IL,57085.270092487335,34356.13413340037,60.2,48672.100103378296,Problem Child,1.032216098297542,98.13140495416111,C,Monitor
Underwear,Men,6,732,254,478,7381.5840843359565,3593.2481254993872,731.3404710920771,414,354,6268.942172661385,5492.832131237791,34.7,Port Authority of New York/New Jersey NY/NJ,106327.60012149811,56382.6766645938,53.0,82975.33014774323,Problem Child,1.9226161207775032,91.60950662561201,B,Monitor
Accessories,Women,4,940,326,614,7237.965519921584,3382.068272064344,712.742951907131,529,445,6242.2585483265675,5178.944066787896,34.7,Los Angeles CA,214661.27991735935,128532.66199487017,59.9,174792.2998701334,Problem Child,3.8815061828184922,84.59232214190004,B,Monitor
Sleep & Lounge,Men,5,785,291,494,7087.528533548029,3569.6279081572484,748.8884297520661,420,362,6088.692559846914,5271.654254322271,37.1,New Orleans LA,276096.6707119942,142188.54965713344,51.5,220073.32058119774,Star,4.992381182282991,54.62648916832425,A,Monitor
Accessories,Women,7,694,257,437,6809.891333846733,3419.3102808779445,734.7893518518518,387,319,6054.216947196927,5014.270669534295,37.0,Philadelphia PA,214661.27991735935,128532.66199487017,59.9,174792.2998701334,Problem Child,3.8815061828184922,84.59232214190004,B,Monitor
Underwear,Men,8,970,353,617,6752.316849461842,3504.785609310154,744.7323481116584,545,472,6016.274656884261,5257.009684317913,36.4,Mobile AL,106327.60012149811,56382.6766645938,53.0,82975.33014774323,Problem Child,1.9226161207775032,91.60950662561201,B,Monitor
Active,Women,9,681,241,440,6806.960677139778,3458.893288403956,737.6077981651376,379,320,5972.446252131889,5140.623486635756,35.4,Charleston SC,238016.34014725685,138463.49740212064,58.2,194656.21015286446,Star,4.303812481920711,72.39447959849541,A,Rebalance allocation by DC
Socks,Men,5,1153,424,729,6959.273876846315,3400.570143171292,719.6698895027624,619,528,5927.387034312039,5013.034830278911,36.8,New Orleans LA,62907.29004049301,24929.228440416333,39.6,56201.64003133774,Dog,1.1374898879319675,96.05166869207748,C,Monitor
Underwear,Men,7,1036,381,655,6734.03455579147,3428.293211581922,741.3348765432099,572,479,5879.581232967196,4951.4429835958135,36.8,Philadelphia PA,106327.60012149811,56382.6766645938,53.0,82975.33014774323,Problem Child,1.9226161207775032,91.60950662561201,B,Monitor
Jumpsuits & Rompers,Women,9,1288,462,826,7014.065394494316,3393.466540062075,724.5147058823529,698,590,5853.580351319249,4980.466581335638,35.9,Charleston SC,20343.140080451965,9553.590789922666,47.0,16267.260080337524,Dog,0.3678447460604721,99.85136050010436,C,Monitor
Accessories,Men,6,1136,417,719,6540.27017648192,3141.666249490911,696.5308988764045,615,509,5659.56356148038,4722.054668326663,36.7,Port Authority of New York/New Jersey NY/NJ,214661.27991735935,128532.66199487017,59.9,174792.2998701334,Problem Child,3.8815061828184922,84.59232214190004,B,Monitor
Skirts,Women,8,588,214,374,6500.278235353529,3191.6760936678925,716.2904109589041,318,275,5577.780822651381,4782.897042680044,36.4,Mobile AL,57085.270092487335,34356.13413340037,60.2,48672.100103378296,Problem Child,1.032216098297542,98.13140495416111,C,Monitor
Skirts,Women,9,626,226,400,6374.623530831608,2950.401473878488,715.1616161616162,344,298,5538.485193932904,4535.013819113313,36.1,Charleston SC,57085.270092487335,34356.13413340037,60.2,48672.100103378296,Problem Child,1.032216098297542,98.13140495416111,C,Monitor
Blazers & Jackets,Women,4,243,88,155,6011.3729775615075,3409.593670993494,775.8311688311688,134,119,5409.2015915798775,4824.656846675543,36.2,Los Angeles CA,147623.82041454315,91712.77902490456,62.1,121560.37020969391,Problem Child,2.6693345529800787,87.26165669488012,B,Monitor
Clothing Sets,Women,8,165,61,104,5935.944457047977,3214.0878938524443,795.5533980582525,93,83,5376.447474575118,4770.489515492789,37.0,Mobile AL,8220.300004959106,3062.47518572131,37.3,8075.6199951171875,Dog,0.14863949989562775,99.99999999999999,C,Monitor
Skirts,Women,7,644,236,408,6334.1976093360145,2992.482689710665,732.0297766749379,362,311,5368.149539931105,4536.825797318117,36.6,Philadelphia PA,57085.270092487335,34356.13413340037,60.2,48672.100103378296,Problem Child,1.032216098297542,98.13140495416111,C,Monitor
Accessories,Women,9,703,257,446,5997.631479079232,3118.3856991030098,764.0680272108843,392,341,5336.23676952907,4592.310095055355,36.6,Charleston SC,214661.27991735935,128532.66199487017,59.9,174792.2998701334,Problem Child,3.8815061828184922,84.59232214190004,B,Monitor
Jumpsuits & Rompers,Women,4,235,85,150,7196.891603082689,2991.2562453724404,682.7191780821918,122,104,5307.7035240187115,4930.510334476506,36.2,Los Angeles CA,20343.140080451965,9553.590789922666,47.0,16267.260080337524,Dog,0.3678447460604721,99.85136050010436,C,Monitor
Socks & Hosiery,Women,3,1106,404,702,5931.822619890325,2990.0651791864707,716.5862068965517,614,514,5258.389572056023,4551.092693076243,36.5,Houston TX,31628.78996181488,18966.927522410577,60.0,27134.82995724678,Problem Child,0.571911915549535,99.48351575404389,C,Monitor
Leggings,Women,7,1015,363,652,5944.780256349192,3051.806036065973,754.0217391304348,567,491,5190.976183062357,4481.573709623832,35.8,Philadelphia PA,43147.80995130539,17257.552431487587,40.0,34384.83995056152,Dog,0.7801988843332401,98.91160383849436,C,Monitor
Jumpsuits & Rompers,Women,5,198,65,133,6222.083679374097,3270.052142338835,768.0387596899225,109,95,5152.424862520367,4595.361284805266,32.8,New Orleans LA,20343.140080451965,9553.590789922666,47.0,16267.260080337524,Dog,0.3678447460604721,99.85136050010436,C,Monitor
Socks & Hosiery,Women,4,1326,471,855,5816.177264865674,2971.819701921274,759.9393579072532,746,654,5086.228692258712,4462.450209560529,35.5,Los Angeles CA,31628.78996181488,18966.927522410577,60.0,27134.82995724678,Problem Child,0.571911915549535,99.48351575404389,C,Monitor
Sleep & Lounge,Men,9,448,165,283,5934.177974568772,3006.6060274686783,753.0322580645161,239,211,5076.629950754304,4472.2832201915335,36.8,Charleston SC,276096.6707119942,142188.54965713344,51.5,220073.32058119774,Star,4.992381182282991,54.62648916832425,A,Monitor
Skirts,Women,4,415,153,262,5575.876566499162,2776.930845574704,724.4728682170543,232,191,4961.6316009267775,4094.8826499798492,36.9,Los Angeles CA,57085.270092487335,34356.13413340037,60.2,48672.100103378296,Problem Child,1.032216098297542,98.13140495416111,C,Monitor
Socks & Hosiery,Women,1,1161,416,745,5704.310086695475,2824.7435045726093,738.0191518467852,643,553,4926.582361917934,4222.027646774761,35.8,Memphis TN,31628.78996181488,18966.927522410577,60.0,27134.82995724678,Problem Child,0.571911915549535,99.48351575404389,C,Monitor
Active,Women,10,631,233,398,5540.384819308285,2858.942272117663,747.1316455696202,349,305,4894.842366731038,4231.384453704042,36.9,Savannah GA,238016.34014725685,138463.49740212064,58.2,194656.21015286446,Star,4.303812481920711,72.39447959849541,A,Monitor
Pants & Capris,Women,6,461,171,290,5455.851577358381,2921.3722984363862,768.0902777777778,257,222,4859.149667100689,4293.56609839835,37.1,Port Authority of New York/New Jersey NY/NJ,96404.74045562744,45649.84707878008,47.4,78036.77029800415,Dog,1.7431909298015382,93.35269755541356,B,Monitor
Leggings,Women,6,404,150,254,5186.412519445905,2543.338100841311,717.4268774703557,225,188,4748.36920289154,3847.516315257584,37.1,Port Authority of New York/New Jersey NY/NJ,43147.80995130539,17257.552431487587,40.0,34384.83995056152,Dog,0.7801988843332401,98.91160383849436,C,Monitor
Active,Men,8,490,176,314,5523.0710191422995,2652.6877899773826,718.9774193548387,270,233,4740.189352913844,4141.693116817797,35.9,Mobile AL,238016.34014725685,138463.49740212064,58.2,194656.21015286446,Star,4.303812481920711,72.39447959849541,A,Rebalance allocation by DC
Outerwear & Coats,Women,10,105,39,66,5495.913350440858,2945.0118733664726,771.9538461538461,57,51,4718.890277089228,4153.282278282245,37.1,Savannah GA,673785.8696479797,374046.3253572929,55.5,528526.8398113251,Star,12.183398980669509,12.183398980669509,A,Monitor
Leggings,Women,3,366,132,234,5606.702734563487,2918.544521182341,760.0442477876106,197,173,4657.493369339423,4137.2830454086015,36.1,Houston TX,43147.80995130539,17257.552431487587,40.0,34384.83995056152,Dog,0.7801988843332401,98.91160383849436,C,Monitor
Accessories,Women,10,689,257,432,5458.137893223622,2664.4041716025504,728.4742990654206,374,315,4642.06568542431,3918.1834902325068,37.3,Savannah GA,214661.27991735935,128532.66199487017,59.9,174792.2998701334,Problem Child,3.8815061828184922,84.59232214190004,B,Monitor
Underwear,Men,4,629,229,400,5236.781419044647,2614.8450286414068,739.351282051282,342,295,4490.142988560934,3898.8414280316606,36.4,Los Angeles CA,106327.60012149811,56382.6766645938,53.0,82975.33014774323,Problem Child,1.9226161207775032,91.60950662561201,B,Monitor
Leggings,Women,8,306,108,198,4990.530575510856,2485.3098128761817,720.1709844559585,175,154,4479.739544065541,3966.4602921696833,35.3,Mobile AL,43147.80995130539,17257.552431487587,40.0,34384.83995056152,Dog,0.7801988843332401,98.91160383849436,C,Monitor
Plus,Women,10,605,212,393,5072.410296251594,2533.2619187731157,776.7674418604652,348,309,4443.7567409176245,3859.0758423239513,35.0,Savannah GA,86355.54025483131,43132.80789667264,49.9,67264.9401115179,Dog,1.5614812487319594,94.91417880414552,B,Monitor
Leggings,Women,9,1025,367,658,5346.249170123916,2509.470759883872,721.306625577812,553,475,4310.894758050825,3828.027507812071,35.8,Charleston SC,43147.80995130539,17257.552431487587,40.0,34384.83995056152,Dog,0.7801988843332401,98.91160383849436,C,Monitor
Accessories,Women,6,718,260,458,4709.414815607987,2447.3981734821914,752.3333333333334,400,347,4136.809709809194,3628.8018043246675,36.2,Port Authority of New York/New Jersey NY/NJ,214661.27991735935,128532.66199487017,59.9,174792.2998701334,Problem Child,3.8815061828184922,84.59232214190004,B,Monitor
Accessories,Women,5,816,291,525,4710.106626562649,2430.3170143948464,739.793499043977,447,394,4011.0910578603666,3522.050676774259,35.7,New Orleans LA,214661.27991735935,128532.66199487017,59.9,174792.2998701334,Problem Child,3.8815061828184922,84.59232214190004,B,Monitor
Socks & Hosiery,Women,6,912,342,570,4090.2056753098022,2132.848648837164,760.3825622775801,505,435,3640.567438621559,3161.5151913099216,37.5,Port Authority of New York/New Jersey NY/NJ,31628.78996181488,18966.927522410577,60.0,27134.82995724678,Problem Child,0.571911915549535,99.48351575404389,C,Monitor
Sweaters,Women,4,231,84,147,4151.122108310842,2168.722203698739,740.4551724137931,125,111,3639.6599150412676,3126.5765215829438,36.4,Los Angeles CA,432843.970164299,224468.89728997124,51.9,347799.5300254822,Star,7.826686522297975,31.729833347557545,A,Monitor
Jumpsuits & Rompers,Women,8,223,82,141,4003.928319789137,2093.6856100062096,752.2482269503546,126,109,3509.0125620234116,3094.1999563717504,36.8,Mobile AL,20343.140080451965,9553.590789922666,47.0,16267.260080337524,Dog,0.3678447460604721,99.85136050010436,C,Monitor
Skirts,Women,10,362,134,228,4041.518749611906,2065.441519580194,742.03125,188,165,3400.1382538367498,3040.5978237134864,37.0,Savannah GA,57085.270092487335,34356.13413340037,60.2,48672.100103378296,Problem Child,1.032216098297542,98.13140495416111,C,Monitor
Swim,Women,10,364,141,223,3546.1959606665696,1856.2160698029977,769.527027027027,207,167,3271.5827457360047,2629.0429857540676,38.7,Savannah GA,326056.0803012848,159365.4344071027,48.9,274109.7404088974,Cash Cow,5.8957474404430465,49.63410798604126,A,Monitor
Jumpsuits & Rompers,Women,3,147,57,90,3743.037236731363,1840.0675246630965,700.7222222222222,77,62,3176.515413672202,2631.9133843491054,38.8,Houston TX,20343.140080451965,9553.590789922666,47.0,16267.260080337524,Dog,0.3678447460604721,99.85136050010436,C,Monitor
Socks & Hosiery,Women,8,830,293,537,3574.9997568835183,1878.3858995306055,763.3536121673004,464,404,3110.8958507061275,2755.44568357264,35.3,Mobile AL,31628.78996181488,18966.927522410577,60.0,27134.82995724678,Problem Child,0.571911915549535,99.48351575404389,C,Monitor
Clothing Sets,Women,1,69,26,43,3376.015147238724,1655.9627769306394,769.6279069767442,40,33,3054.0701487685888,2438.8490638419016,37.7,Memphis TN,8220.300004959106,3062.47518572131,37.3,8075.6199951171875,Dog,0.14863949989562775,99.99999999999999,C,Monitor
Active,Women,5,318,115,203,3280.442120716674,1687.6003007709883,749.4702970297029,176,153,2850.8457199585473,2475.3903994758384,36.2,New Orleans LA,238016.34014725685,138463.49740212064,58.2,194656.21015286446,Star,4.303812481920711,72.39447959849541,A,Monitor
Active,Men,5,242,85,157,3150.655872731095,1563.333975431405,734.5290322580645,135,118,2738.8702410116293,2442.4118672475315,35.1,New Orleans LA,238016.34014725685,138463.49740212064,58.2,194656.21015286446,Star,4.303812481920711,72.39447959849541,A,Rebalance allocation by DC
Clothing Sets,Women,9,114,42,72,3145.282687007878,1531.8442972964403,711.0289855072464,61,50,2647.4511119737735,2274.9976584224783,36.8,Charleston SC,8220.300004959106,3062.47518572131,37.3,8075.6199951171875,Dog,0.14863949989562775,99.99999999999999,C,Monitor
Socks & Hosiery,Women,5,858,310,548,2860.313664233446,1407.2048061284793,739.4510166358596,482,411,2539.4635691694393,2154.1359428730957,36.1,New Orleans LA,31628.78996181488,18966.927522410577,60.0,27134.82995724678,Problem Child,0.571911915549535,99.48351575404389,C,Monitor
Maternity,Women,10,169,58,111,2957.7626950687945,1372.9457736840247,706.7641509433962,91,74,2537.721645804249,2021.63489784053,34.3,Savannah GA,134124.16964530945,74887.34809404462,55.8,113211.47972154617,Problem Child,2.425233809954398,89.68689050483451,B,Monitor
Accessories,Men,9,333,125,208,2930.8488866090324,1523.0322328880347,729.0338164251208,177,153,2483.871502130424,2216.083162534436,37.5,Charleston SC,214661.27991735935,128532.66199487017,59.9,174792.2998701334,Problem Child,3.8815061828184922,84.59232214190004,B,Monitor
Socks & Hosiery,Women,7,765,275,490,2720.2860881930137,1347.2546660437688,724.5205761316872,430,358,2407.6240015351636,2005.5226156253943,35.9,Philadelphia PA,31628.78996181488,18966.927522410577,60.0,27134.82995724678,Problem Child,0.571911915549535,99.48351575404389,C,Monitor
Jumpsuits & Rompers,Women,2,105,32,73,2525.516544469837,1388.0723943290645,735.6666666666666,61,53,2256.952234665042,2152.293403627937,30.5,Chicago IL,20343.140080451965,9553.590789922666,47.0,16267.260080337524,Dog,0.3678447460604721,99.85136050010436,C,Monitor
Jumpsuits & Rompers,Women,10,49,17,32,2417.4866998859275,1178.979833047197,712.5,27,23,2082.4093106382043,1789.493124573069,34.7,Savannah GA,20343.140080451965,9553.590789922666,47.0,16267.260080337524,Dog,0.3678447460604721,99.85136050010436,C,Monitor
Skirts,Women,6,153,54,99,2349.3134652523277,1168.0462359710343,711.3917525773196,86,73,2081.5306366945865,1723.4063470507074,35.3,Port Authority of New York/New Jersey NY/NJ,57085.270092487335,34356.13413340037,60.2,48672.100103378296,Problem Child,1.032216098297542,98.13140495416111,C,Monitor
Clothing Sets,Women,3,82,29,53,2283.773282970669,1131.2988582424928,719.4528301886793,47,43,2036.4531553893455,1877.464818789098,35.4,Houston TX,8220.300004959106,3062.47518572131,37.3,8075.6199951171875,Dog,0.14863949989562775,99.99999999999999,C,Monitor
Jumpsuits & Rompers,Women,1,113,42,71,2082.4619785790787,1137.253113844889,789.8169014084507,65,57,1884.9585790652545,1704.5532851499652,37.2,Memphis TN,20343.140080451965,9553.590789922666,47.0,16267.260080337524,Dog,0.3678447460604721,99.85136050010436,C,Monitor
Socks,Men,9,440,160,280,2008.4941402398701,992.9478035387743,753.9672727272728,239,214,1670.7293048848726,1520.0573060881497,36.4,Charleston SC,62907.29004049301,24929.228440416333,39.6,56201.64003133774,Dog,1.1374898879319675,96.05166869207748,C,Monitor
Clothing Sets,Women,2,58,18,40,1736.9130426944776,792.8317768144143,641.85,35,27,1490.4759280693913,1264.6489526836915,31.0,Chicago IL,8220.300004959106,3062.47518572131,37.3,8075.6199951171875,Dog,0.14863949989562775,99.99999999999999,C,Monitor
Socks & Hosiery,Women,10,380,140,240,1580.3451120767866,811.1717552231288,770.6837606837607,208,181,1355.280553150172,1188.6181438637436,36.8,Savannah GA,31628.78996181488,18966.927522410577,60.0,27134.82995724678,Problem Child,0.571911915549535,99.48351575404389,C,Monitor
Clothing Sets,Women,5,38,16,22,1406.1275675184743,592.6496878767563,612.1818181818181,20,18,1281.8159703015835,1157.5043730846928,42.1,New Orleans LA,8220.300004959106,3062.47518572131,37.3,8075.6199951171875,Dog,0.14863949989562775,99.99999999999999,C,Monitor
Jumpsuits & Rompers,Women,6,56,19,37,1416.7818034420357,658.6600949926251,684.5,32,25,1245.2028036572606,981.361503037516,33.9,Port Authority of New York/New Jersey NY/NJ,20343.140080451965,9553.590789922666,47.0,16267.260080337524,Dog,0.3678447460604721,99.85136050010436,C,Monitor
Jumpsuits & Rompers,Women,7,128,49,79,1159.2748971423268,530.617253195731,691.5897435897435,70,61,1029.0607975472183,882.1209977570549,38.3,Philadelphia PA,20343.140080451965,9553.590789922666,47.0,16267.260080337524,Dog,0.3678447460604721,99.85136050010436,C,Monitor
Socks & Hosiery,Women,9,239,89,150,735.6445906389204,341.3780499490158,700.6369863013699,129,111,636.5976421096701,539.2137328787113,37.2,Charleston SC,31628.78996181488,18966.927522410577,60.0,27134.82995724678,Problem Child,0.571911915549535,99.48351575404389,C,Monitor
Clothing Sets,Women,4,27,11,16,545.9784544157958,274.5296156464837,738.625,14,13,474.38147258114157,442.4111817011627,40.7,Los Angeles CA,8220.300004959106,3062.47518572131,37.3,8075.6199951171875,Dog,0.14863949989562775,99.99999999999999,C,Monitor
Clothing Sets,Women,6,20,5,15,484.4007048236608,232.77957546357584,813.1428571428571,14,13,463.59663414379474,408.3246345387947,25.0,Port Authority of New York/New Jersey NY/NJ,8220.300004959106,3062.47518572131,37.3,8075.6199951171875,Dog,0.14863949989562775,99.99999999999999,C,Monitor
Suits,Women,6,31,12,19,236.22182781271087,137.87434212861228,852.3684210526316,19,16,236.22182781271087,198.96046816368656,38.7,Port Authority of New York/New Jersey NY/NJ,57931.64006614685,22936.87741349305,39.6,51092.350021362305,Dog,1.0475201637860925,97.09918885586357,C,Monitor
